-- phpMyAdmin SQL Dump
-- version 5.0.4
-- https://www.phpmyadmin.net/
--
-- Hôte : localhost
-- Généré le : lun. 27 sep. 2021 à 16:27
-- Version du serveur :  5.7.11
-- Version de PHP : 7.2.7

SET SQL_MODE = "NO_AUTO_VALUE_ON_ZERO";
START TRANSACTION;
SET time_zone = "+00:00";


/*!40101 SET @OLD_CHARACTER_SET_CLIENT=@@CHARACTER_SET_CLIENT */;
/*!40101 SET @OLD_CHARACTER_SET_RESULTS=@@CHARACTER_SET_RESULTS */;
/*!40101 SET @OLD_COLLATION_CONNECTION=@@COLLATION_CONNECTION */;
/*!40101 SET NAMES utf8mb4 */;

--
-- Base de données : `gsb_frais`
--

-- --------------------------------------------------------

--
-- Structure de la table `etat`
--

CREATE TABLE `etat` (
  `id` char(2) COLLATE utf8_unicode_ci NOT NULL,
  `libelle` varchar(30) COLLATE utf8_unicode_ci DEFAULT NULL
) ENGINE=InnoDB DEFAULT CHARSET=utf8 COLLATE=utf8_unicode_ci;

--
-- Déchargement des données de la table `etat`
--

INSERT INTO `etat` (`id`, `libelle`) VALUES
('CL', 'Saisie clôturée'),
('CR', 'Fiche créée, saisie en cours'),
('RB', 'Remboursée'),
('VA', 'Validée et mise en paiement');

-- --------------------------------------------------------

--
-- Structure de la table `fichefrais`
--

CREATE TABLE `fichefrais` (
  `idVisiteur` char(4) COLLATE utf8_unicode_ci NOT NULL,
  `mois` char(6) COLLATE utf8_unicode_ci NOT NULL,
  `nbJustificatifs` int(11) DEFAULT NULL,
  `montantValide` decimal(10,2) DEFAULT NULL,
  `dateModif` date DEFAULT NULL,
  `idEtat` char(2) COLLATE utf8_unicode_ci DEFAULT 'CR'
) ENGINE=InnoDB DEFAULT CHARSET=utf8 COLLATE=utf8_unicode_ci;

--
-- Déchargement des données de la table `fichefrais`
--

INSERT INTO `fichefrais` (`idVisiteur`, `mois`, `nbJustificatifs`, `montantValide`, `dateModif`, `idEtat`) VALUES
('a131', '202101', 11, '3155.04', '2021-03-03', 'RB'),
('a131', '202102', 1, '3076.37', '2021-04-02', 'RB'),
('a131', '202103', 11, '3897.16', '2021-05-04', 'RB'),
('a131', '202104', 9, '3097.54', '2021-06-06', 'RB'),
('a131', '202105', 7, '2121.66', '2021-07-08', 'RB'),
('a131', '202106', 3, '2868.70', '2021-08-01', 'RB'),
('a131', '202107', 0, '2553.43', '2021-08-03', 'VA'),
('a131', '202108', 0, '0.00', '2021-08-06', 'CR'),
('a17', '202101', 1, '1313.24', '2021-03-04', 'RB'),
('a17', '202102', 10, '3917.40', '2021-04-07', 'RB'),
('a17', '202103', 11, '3720.00', '2021-05-05', 'RB'),
('a17', '202104', 6, '3544.50', '2021-06-01', 'RB'),
('a17', '202105', 8, '4294.49', '2021-07-01', 'RB'),
('a17', '202106', 6, '4353.12', '2021-08-04', 'RB'),
('a17', '202107', 10, '1214.14', '2021-08-08', 'VA'),
('a17', '202108', 11, '0.00', '2021-08-01', 'CR'),
('a55', '202101', 2, '1981.31', '2021-03-07', 'RB'),
('a55', '202102', 3, '2846.75', '2021-04-03', 'RB'),
('a55', '202103', 5, '1118.30', '2021-05-02', 'RB'),
('a55', '202104', 1, '2849.18', '2021-06-03', 'RB'),
('a55', '202105', 8, '1933.49', '2021-07-03', 'RB'),
('a55', '202106', 4, '2910.73', '2021-08-01', 'RB'),
('a55', '202107', 5, '4447.33', '2021-08-02', 'VA'),
('a55', '202108', 12, '0.00', '2021-08-03', 'CR'),
('a93', '202101', 11, '2293.92', '2021-03-01', 'RB'),
('a93', '202102', 9, '3517.32', '2021-04-04', 'RB'),
('a93', '202103', 7, '2653.20', '2021-05-08', 'RB'),
('a93', '202104', 2, '2573.32', '2021-06-03', 'RB'),
('a93', '202105', 3, '1556.00', '2021-07-03', 'RB'),
('a93', '202106', 0, '5104.18', '2021-08-06', 'RB'),
('a93', '202107', 11, '3620.61', '2021-08-06', 'VA'),
('a93', '202108', 1, '0.00', '2021-08-02', 'CR'),
('b13', '202101', 1, '2554.92', '2021-03-03', 'RB'),
('b13', '202102', 6, '4733.46', '2021-04-05', 'RB'),
('b13', '202103', 7, '908.18', '2021-05-04', 'RB'),
('b13', '202104', 7, '3085.33', '2021-06-04', 'RB'),
('b13', '202105', 1, '4729.63', '2021-07-07', 'RB'),
('b13', '202106', 1, '2927.05', '2021-08-04', 'RB'),
('b13', '202107', 5, '3385.58', '2021-08-03', 'VA'),
('b13', '202108', 12, '0.00', '2021-08-02', 'CR'),
('b16', '202101', 12, '2075.12', '2021-03-03', 'RB'),
('b16', '202102', 3, '4203.20', '2021-04-01', 'RB'),
('b16', '202103', 9, '3660.13', '2021-05-01', 'RB'),
('b16', '202104', 3, '3334.95', '2021-06-01', 'RB'),
('b16', '202105', 8, '4862.49', '2021-07-07', 'RB'),
('b16', '202106', 8, '4307.18', '2021-08-06', 'RB'),
('b16', '202107', 1, '3260.22', '2021-08-08', 'VA'),
('b16', '202108', 10, '0.00', '2021-08-01', 'CR'),
('b19', '202101', 9, '1957.27', '2021-03-01', 'RB'),
('b19', '202102', 12, '2676.03', '2021-04-02', 'RB'),
('b19', '202103', 12, '3667.42', '2021-05-01', 'RB'),
('b19', '202104', 0, '2780.82', '2021-06-03', 'RB'),
('b19', '202105', 11, '2326.82', '2021-07-01', 'RB'),
('b19', '202106', 4, '2404.61', '2021-08-06', 'RB'),
('b19', '202107', 9, '3992.51', '2021-08-01', 'VA'),
('b19', '202108', 9, '0.00', '2021-08-03', 'CR'),
('b25', '202101', 1, '2504.53', '2021-03-06', 'RB'),
('b25', '202102', 9, '2455.50', '2021-04-08', 'RB'),
('b25', '202103', 11, '2744.22', '2021-05-02', 'RB'),
('b25', '202104', 12, '4933.24', '2021-06-06', 'RB'),
('b25', '202105', 4, '3044.86', '2021-07-02', 'RB'),
('b25', '202106', 10, '4698.76', '2021-08-01', 'RB'),
('b25', '202107', 8, '4339.53', '2021-08-06', 'VA'),
('b25', '202108', 8, '0.00', '2021-08-01', 'CR'),
('b28', '202101', 12, '2305.15', '2021-03-08', 'RB'),
('b28', '202102', 11, '2599.08', '2021-04-07', 'RB'),
('b28', '202103', 10, '4012.63', '2021-05-03', 'RB'),
('b28', '202104', 12, '3127.63', '2021-06-07', 'RB'),
('b28', '202105', 0, '3275.45', '2021-07-07', 'RB'),
('b28', '202106', 4, '2241.75', '2021-08-06', 'RB'),
('b28', '202107', 4, '2248.75', '2021-08-04', 'VA'),
('b28', '202108', 12, '0.00', '2021-08-06', 'CR'),
('b34', '202101', 7, '3300.03', '2021-03-05', 'RB'),
('b34', '202102', 4, '3853.65', '2021-04-06', 'RB'),
('b34', '202103', 3, '2810.20', '2021-05-05', 'RB'),
('b34', '202104', 4, '3820.91', '2021-06-02', 'RB'),
('b34', '202105', 10, '2488.22', '2021-07-06', 'RB'),
('b34', '202106', 1, '2995.15', '2021-08-03', 'RB'),
('b34', '202107', 7, '2334.80', '2021-08-02', 'VA'),
('b34', '202108', 0, '0.00', '2021-08-05', 'CR'),
('b4', '202101', 7, '3558.67', '2021-03-03', 'RB'),
('b4', '202102', 6, '3205.80', '2021-04-08', 'RB'),
('b4', '202103', 6, '3793.06', '2021-05-06', 'RB'),
('b4', '202104', 3, '2429.83', '2021-06-02', 'RB'),
('b4', '202105', 9, '2709.46', '2021-07-04', 'RB'),
('b4', '202106', 8, '2485.65', '2021-08-02', 'RB'),
('b4', '202107', 2, '3308.91', '2021-08-03', 'VA'),
('b4', '202108', 9, '0.00', '2021-08-06', 'CR'),
('b50', '202101', 6, '2224.29', '2021-03-03', 'RB'),
('b50', '202102', 10, '3452.63', '2021-04-07', 'RB'),
('b50', '202103', 7, '3782.51', '2021-05-01', 'RB'),
('b50', '202104', 6, '3820.94', '2021-06-01', 'RB'),
('b50', '202105', 12, '2925.27', '2021-07-03', 'RB'),
('b50', '202106', 3, '2991.78', '2021-08-08', 'RB'),
('b50', '202107', 7, '5807.48', '2021-08-05', 'VA'),
('b50', '202108', 2, '0.00', '2021-08-02', 'CR'),
('b59', '202101', 1, '3008.31', '2021-03-03', 'RB'),
('b59', '202102', 7, '1879.96', '2021-04-02', 'RB'),
('b59', '202103', 3, '4883.75', '2021-05-02', 'RB'),
('b59', '202104', 10, '1810.87', '2021-06-01', 'RB'),
('b59', '202105', 0, '1671.51', '2021-07-03', 'RB'),
('b59', '202106', 6, '2398.25', '2021-08-02', 'RB'),
('b59', '202107', 10, '2797.56', '2021-08-07', 'VA'),
('b59', '202108', 3, '0.00', '2021-08-06', 'CR'),
('c14', '202101', 11, '3927.59', '2021-03-07', 'RB'),
('c14', '202102', 8, '2429.16', '2021-04-03', 'RB'),
('c14', '202103', 9, '4201.89', '2021-05-04', 'RB'),
('c14', '202104', 4, '4150.70', '2021-06-01', 'RB'),
('c14', '202105', 0, '4870.28', '2021-07-07', 'RB'),
('c14', '202106', 0, '2576.76', '2021-08-03', 'RB'),
('c14', '202107', 12, '3877.42', '2021-08-02', 'VA'),
('c14', '202108', 5, '0.00', '2021-08-05', 'CR'),
('c3', '202101', 7, '3488.19', '2021-03-03', 'RB'),
('c3', '202102', 6, '1843.83', '2021-04-05', 'RB'),
('c3', '202103', 3, '3450.94', '2021-05-02', 'RB'),
('c3', '202104', 1, '3974.09', '2021-06-05', 'RB'),
('c3', '202105', 2, '1515.34', '2021-07-08', 'RB'),
('c3', '202106', 10, '2667.00', '2021-08-03', 'RB'),
('c3', '202107', 8, '1824.10', '2021-08-07', 'VA'),
('c3', '202108', 2, '0.00', '2021-08-02', 'CR'),
('c54', '202101', 12, '2114.22', '2021-03-05', 'RB'),
('c54', '202102', 5, '4884.38', '2021-04-05', 'RB'),
('c54', '202103', 11, '1865.04', '2021-05-08', 'RB'),
('c54', '202104', 3, '3427.30', '2021-06-04', 'RB'),
('c54', '202105', 9, '2739.28', '2021-07-06', 'RB'),
('c54', '202106', 8, '3717.24', '2021-08-05', 'RB'),
('c54', '202107', 8, '2393.72', '2021-08-04', 'VA'),
('c54', '202108', 6, '0.00', '2021-08-05', 'CR'),
('d13', '202101', 9, '4221.76', '2021-03-02', 'RB'),
('d13', '202102', 2, '2299.75', '2021-04-05', 'RB'),
('d13', '202103', 9, '2791.46', '2021-05-04', 'RB'),
('d13', '202104', 3, '3003.44', '2021-06-06', 'RB'),
('d13', '202105', 1, '3578.96', '2021-07-04', 'RB'),
('d13', '202106', 10, '4457.10', '2021-08-02', 'RB'),
('d13', '202107', 5, '5528.01', '2021-08-05', 'VA'),
('d13', '202108', 11, '0.00', '2021-08-05', 'CR'),
('d51', '202101', 1, '4197.90', '2021-03-04', 'RB'),
('d51', '202102', 11, '3768.56', '2021-04-01', 'RB'),
('d51', '202103', 11, '5328.29', '2021-05-06', 'RB'),
('d51', '202104', 5, '1732.62', '2021-06-01', 'RB'),
('d51', '202105', 0, '4452.26', '2021-07-02', 'RB'),
('d51', '202106', 5, '3108.08', '2021-08-05', 'RB'),
('d51', '202107', 4, '2249.88', '2021-08-08', 'VA'),
('d51', '202108', 4, '0.00', '2021-08-06', 'CR'),
('e22', '202101', 10, '1587.92', '2021-03-03', 'RB'),
('e22', '202102', 9, '2834.80', '2021-04-02', 'RB'),
('e22', '202103', 1, '2449.13', '2021-05-06', 'RB'),
('e22', '202104', 10, '3269.44', '2021-06-01', 'RB'),
('e22', '202105', 6, '3341.24', '2021-07-04', 'RB'),
('e22', '202106', 3, '3173.06', '2021-08-06', 'RB'),
('e22', '202107', 7, '2558.56', '2021-08-02', 'VA'),
('e22', '202108', 10, '0.00', '2021-08-05', 'CR'),
('e24', '202101', 2, '1358.31', '2021-03-07', 'RB'),
('e24', '202102', 3, '4113.48', '2021-04-05', 'RB'),
('e24', '202103', 5, '3624.23', '2021-05-04', 'RB'),
('e24', '202104', 4, '2391.75', '2021-06-07', 'RB'),
('e24', '202105', 6, '2424.65', '2021-07-01', 'RB'),
('e24', '202106', 7, '4459.95', '2021-08-02', 'RB'),
('e24', '202107', 1, '3694.69', '2021-08-07', 'VA'),
('e24', '202108', 8, '0.00', '2021-08-01', 'CR'),
('e39', '202101', 6, '2813.74', '2021-03-01', 'RB'),
('e39', '202102', 8, '4218.31', '2021-04-04', 'RB'),
('e39', '202103', 3, '4285.07', '2021-05-02', 'RB'),
('e39', '202104', 9, '1455.77', '2021-06-01', 'RB'),
('e39', '202105', 1, '2099.66', '2021-07-06', 'RB'),
('e39', '202106', 0, '3191.75', '2021-08-08', 'RB'),
('e39', '202107', 0, '2862.69', '2021-08-04', 'VA'),
('e39', '202108', 11, '0.00', '2021-08-06', 'CR'),
('e49', '202101', 8, '3061.94', '2021-03-01', 'RB'),
('e49', '202102', 4, '1802.68', '2021-04-02', 'RB'),
('e49', '202103', 6, '2227.66', '2021-05-08', 'RB'),
('e49', '202104', 11, '4381.13', '2021-06-05', 'RB'),
('e49', '202105', 10, '2436.22', '2021-07-02', 'RB'),
('e49', '202106', 12, '3598.25', '2021-08-07', 'RB'),
('e49', '202107', 6, '2256.95', '2021-08-02', 'VA'),
('e49', '202108', 8, '0.00', '2021-08-01', 'CR'),
('e5', '202101', 0, '2860.43', '2021-03-08', 'RB'),
('e5', '202102', 2, '2914.64', '2021-04-08', 'RB'),
('e5', '202103', 5, '2502.63', '2021-05-02', 'RB'),
('e5', '202104', 7, '2686.27', '2021-06-04', 'RB'),
('e5', '202105', 6, '2205.55', '2021-07-05', 'RB'),
('e5', '202106', 10, '2307.62', '2021-08-08', 'RB'),
('e5', '202107', 6, '3045.68', '2021-08-05', 'VA'),
('e5', '202108', 10, '0.00', '2021-08-05', 'CR'),
('e52', '202101', 6, '2326.90', '2021-03-03', 'RB'),
('e52', '202102', 2, '3025.50', '2021-04-02', 'RB'),
('e52', '202103', 1, '2410.64', '2021-05-01', 'RB'),
('e52', '202104', 8, '4726.37', '2021-06-06', 'RB'),
('e52', '202105', 0, '4187.71', '2021-07-04', 'RB'),
('e52', '202106', 5, '1818.88', '2021-08-01', 'RB'),
('e52', '202107', 7, '2772.77', '2021-08-05', 'VA'),
('e52', '202108', 6, '0.00', '2021-08-05', 'CR'),
('f21', '202101', 10, '3430.18', '2021-03-08', 'RB'),
('f21', '202102', 8, '3587.50', '2021-04-02', 'RB'),
('f21', '202103', 7, '2461.79', '2021-05-04', 'RB'),
('f21', '202104', 6, '3174.48', '2021-06-06', 'RB'),
('f21', '202105', 12, '3221.04', '2021-07-06', 'RB'),
('f21', '202106', 11, '2426.07', '2021-08-08', 'RB'),
('f21', '202107', 1, '1441.59', '2021-08-07', 'VA'),
('f21', '202108', 12, '0.00', '2021-08-08', 'CR'),
('f39', '202101', 4, '2976.39', '2021-03-01', 'RB'),
('f39', '202102', 7, '3349.14', '2021-04-08', 'RB'),
('f39', '202103', 11, '2414.16', '2021-05-06', 'RB'),
('f39', '202104', 2, '3548.63', '2021-06-04', 'RB'),
('f39', '202105', 2, '3411.97', '2021-07-05', 'RB'),
('f39', '202106', 1, '4923.66', '2021-08-03', 'RB'),
('f39', '202107', 5, '3362.39', '2021-08-03', 'VA'),
('f39', '202108', 9, '0.00', '2021-08-07', 'CR'),
('f4', '202101', 9, '1182.56', '2021-03-05', 'RB'),
('f4', '202102', 6, '3897.27', '2021-04-06', 'RB'),
('f4', '202103', 11, '3218.45', '2021-05-07', 'RB'),
('f4', '202104', 11, '3931.65', '2021-06-08', 'RB'),
('f4', '202105', 11, '2493.72', '2021-07-02', 'RB'),
('f4', '202106', 11, '4760.74', '2021-08-03', 'RB'),
('f4', '202107', 7, '2892.07', '2021-08-04', 'VA'),
('f4', '202108', 4, '0.00', '2021-08-07', 'CR');

-- --------------------------------------------------------

--
-- Structure de la table `fraisforfait`
--

CREATE TABLE `fraisforfait` (
  `id` char(3) COLLATE utf8_unicode_ci NOT NULL,
  `libelle` char(20) COLLATE utf8_unicode_ci DEFAULT NULL,
  `montant` decimal(5,2) DEFAULT NULL
) ENGINE=InnoDB DEFAULT CHARSET=utf8 COLLATE=utf8_unicode_ci;

--
-- Déchargement des données de la table `fraisforfait`
--

INSERT INTO `fraisforfait` (`id`, `libelle`, `montant`) VALUES
('ETP', 'Forfait Etape', '110.00'),
('KM', 'Frais Kilométrique', '0.62'),
('NUI', 'Nuitée Hôtel', '80.00'),
('REP', 'Repas Restaurant', '25.00');

-- --------------------------------------------------------

--
-- Structure de la table `lignefraisforfait`
--

CREATE TABLE `lignefraisforfait` (
  `idVisiteur` char(4) COLLATE utf8_unicode_ci NOT NULL,
  `mois` char(6) COLLATE utf8_unicode_ci NOT NULL,
  `idFraisForfait` char(3) COLLATE utf8_unicode_ci NOT NULL,
  `quantite` int(11) DEFAULT NULL
) ENGINE=InnoDB DEFAULT CHARSET=utf8 COLLATE=utf8_unicode_ci;

--
-- Déchargement des données de la table `lignefraisforfait`
--

INSERT INTO `lignefraisforfait` (`idVisiteur`, `mois`, `idFraisForfait`, `quantite`) VALUES
('a131', '202101', 'ETP', 8),
('a131', '202101', 'KM', 525),
('a131', '202101', 'NUI', 6),
('a131', '202101', 'REP', 13),
('a131', '202102', 'ETP', 7),
('a131', '202102', 'KM', 716),
('a131', '202102', 'NUI', 13),
('a131', '202102', 'REP', 10),
('a131', '202103', 'ETP', 10),
('a131', '202103', 'KM', 942),
('a131', '202103', 'NUI', 19),
('a131', '202103', 'REP', 10),
('a131', '202104', 'ETP', 7),
('a131', '202104', 'KM', 617),
('a131', '202104', 'NUI', 9),
('a131', '202104', 'REP', 9),
('a131', '202105', 'ETP', 10),
('a131', '202105', 'KM', 408),
('a131', '202105', 'NUI', 5),
('a131', '202105', 'REP', 11),
('a131', '202106', 'ETP', 11),
('a131', '202106', 'KM', 614),
('a131', '202106', 'NUI', 8),
('a131', '202106', 'REP', 13),
('a131', '202107', 'ETP', 10),
('a131', '202107', 'KM', 442),
('a131', '202107', 'NUI', 16),
('a131', '202107', 'REP', 12),
('a131', '202108', 'ETP', 7),
('a131', '202108', 'KM', 510),
('a131', '202108', 'NUI', 13),
('a131', '202108', 'REP', 19),
('a17', '202101', 'ETP', 3),
('a17', '202101', 'KM', 326),
('a17', '202101', 'NUI', 8),
('a17', '202101', 'REP', 9),
('a17', '202102', 'ETP', 12),
('a17', '202102', 'KM', 570),
('a17', '202102', 'NUI', 17),
('a17', '202102', 'REP', 5),
('a17', '202103', 'ETP', 14),
('a17', '202103', 'KM', 304),
('a17', '202103', 'NUI', 17),
('a17', '202103', 'REP', 14),
('a17', '202104', 'ETP', 12),
('a17', '202104', 'KM', 432),
('a17', '202104', 'NUI', 13),
('a17', '202104', 'REP', 15),
('a17', '202105', 'ETP', 16),
('a17', '202105', 'KM', 657),
('a17', '202105', 'NUI', 19),
('a17', '202105', 'REP', 14),
('a17', '202106', 'ETP', 16),
('a17', '202106', 'KM', 886),
('a17', '202106', 'NUI', 7),
('a17', '202106', 'REP', 12),
('a17', '202107', 'ETP', 2),
('a17', '202107', 'KM', 464),
('a17', '202107', 'NUI', 3),
('a17', '202107', 'REP', 12),
('a17', '202108', 'ETP', 17),
('a17', '202108', 'KM', 602),
('a17', '202108', 'NUI', 4),
('a17', '202108', 'REP', 14),
('a55', '202101', 'ETP', 2),
('a55', '202101', 'KM', 813),
('a55', '202101', 'NUI', 17),
('a55', '202101', 'REP', 6),
('a55', '202102', 'ETP', 3),
('a55', '202102', 'KM', 733),
('a55', '202102', 'NUI', 20),
('a55', '202102', 'REP', 17),
('a55', '202103', 'ETP', 2),
('a55', '202103', 'KM', 901),
('a55', '202103', 'NUI', 2),
('a55', '202103', 'REP', 9),
('a55', '202104', 'ETP', 12),
('a55', '202104', 'KM', 974),
('a55', '202104', 'NUI', 10),
('a55', '202104', 'REP', 19),
('a55', '202105', 'ETP', 12),
('a55', '202105', 'KM', 452),
('a55', '202105', 'NUI', 3),
('a55', '202105', 'REP', 14),
('a55', '202106', 'ETP', 6),
('a55', '202106', 'KM', 518),
('a55', '202106', 'NUI', 19),
('a55', '202106', 'REP', 16),
('a55', '202107', 'ETP', 6),
('a55', '202107', 'KM', 720),
('a55', '202107', 'NUI', 18),
('a55', '202107', 'REP', 10),
('a55', '202108', 'ETP', 10),
('a55', '202108', 'KM', 300),
('a55', '202108', 'NUI', 14),
('a55', '202108', 'REP', 11),
('a93', '202101', 'ETP', 6),
('a93', '202101', 'KM', 650),
('a93', '202101', 'NUI', 10),
('a93', '202101', 'REP', 9),
('a93', '202102', 'ETP', 19),
('a93', '202102', 'KM', 871),
('a93', '202102', 'NUI', 7),
('a93', '202102', 'REP', 20),
('a93', '202103', 'ETP', 14),
('a93', '202103', 'KM', 732),
('a93', '202103', 'NUI', 2),
('a93', '202103', 'REP', 7),
('a93', '202104', 'ETP', 7),
('a93', '202104', 'KM', 536),
('a93', '202104', 'NUI', 13),
('a93', '202104', 'REP', 14),
('a93', '202105', 'ETP', 3),
('a93', '202105', 'KM', 336),
('a93', '202105', 'NUI', 11),
('a93', '202105', 'REP', 7),
('a93', '202106', 'ETP', 19),
('a93', '202106', 'KM', 792),
('a93', '202106', 'NUI', 18),
('a93', '202106', 'REP', 4),
('a93', '202107', 'ETP', 9),
('a93', '202107', 'KM', 589),
('a93', '202107', 'NUI', 8),
('a93', '202107', 'REP', 19),
('a93', '202108', 'ETP', 6),
('a93', '202108', 'KM', 553),
('a93', '202108', 'NUI', 9),
('a93', '202108', 'REP', 6),
('b13', '202101', 'ETP', 9),
('b13', '202101', 'KM', 385),
('b13', '202101', 'NUI', 12),
('b13', '202101', 'REP', 13),
('b13', '202102', 'ETP', 6),
('b13', '202102', 'KM', 980),
('b13', '202102', 'NUI', 12),
('b13', '202102', 'REP', 14),
('b13', '202103', 'ETP', 2),
('b13', '202103', 'KM', 500),
('b13', '202103', 'NUI', 3),
('b13', '202103', 'REP', 4),
('b13', '202104', 'ETP', 13),
('b13', '202104', 'KM', 693),
('b13', '202104', 'NUI', 11),
('b13', '202104', 'REP', 12),
('b13', '202105', 'ETP', 13),
('b13', '202105', 'KM', 597),
('b13', '202105', 'NUI', 17),
('b13', '202105', 'REP', 2),
('b13', '202106', 'ETP', 5),
('b13', '202106', 'KM', 322),
('b13', '202106', 'NUI', 15),
('b13', '202106', 'REP', 3),
('b13', '202107', 'ETP', 6),
('b13', '202107', 'KM', 629),
('b13', '202107', 'NUI', 19),
('b13', '202107', 'REP', 6),
('b13', '202108', 'ETP', 6),
('b13', '202108', 'KM', 520),
('b13', '202108', 'NUI', 15),
('b13', '202108', 'REP', 13),
('b16', '202101', 'ETP', 6),
('b16', '202101', 'KM', 974),
('b16', '202101', 'NUI', 15),
('b16', '202101', 'REP', 2),
('b16', '202102', 'ETP', 12),
('b16', '202102', 'KM', 987),
('b16', '202102', 'NUI', 19),
('b16', '202102', 'REP', 20),
('b16', '202103', 'ETP', 16),
('b16', '202103', 'KM', 442),
('b16', '202103', 'NUI', 14),
('b16', '202103', 'REP', 8),
('b16', '202104', 'ETP', 12),
('b16', '202104', 'KM', 422),
('b16', '202104', 'NUI', 3),
('b16', '202104', 'REP', 20),
('b16', '202105', 'ETP', 16),
('b16', '202105', 'KM', 353),
('b16', '202105', 'NUI', 20),
('b16', '202105', 'REP', 11),
('b16', '202106', 'ETP', 8),
('b16', '202106', 'KM', 780),
('b16', '202106', 'NUI', 11),
('b16', '202106', 'REP', 20),
('b16', '202107', 'ETP', 8),
('b16', '202107', 'KM', 744),
('b16', '202107', 'NUI', 3),
('b16', '202107', 'REP', 20),
('b16', '202108', 'ETP', 16),
('b16', '202108', 'KM', 521),
('b16', '202108', 'NUI', 10),
('b16', '202108', 'REP', 6),
('b19', '202101', 'ETP', 2),
('b19', '202101', 'KM', 890),
('b19', '202101', 'NUI', 10),
('b19', '202101', 'REP', 13),
('b19', '202102', 'ETP', 18),
('b19', '202102', 'KM', 387),
('b19', '202102', 'NUI', 2),
('b19', '202102', 'REP', 19),
('b19', '202103', 'ETP', 19),
('b19', '202103', 'KM', 746),
('b19', '202103', 'NUI', 16),
('b19', '202103', 'REP', 12),
('b19', '202104', 'ETP', 4),
('b19', '202104', 'KM', 690),
('b19', '202104', 'NUI', 15),
('b19', '202104', 'REP', 6),
('b19', '202105', 'ETP', 5),
('b19', '202105', 'KM', 659),
('b19', '202105', 'NUI', 16),
('b19', '202105', 'REP', 19),
('b19', '202106', 'ETP', 9),
('b19', '202106', 'KM', 380),
('b19', '202106', 'NUI', 5),
('b19', '202106', 'REP', 13),
('b19', '202107', 'ETP', 13),
('b19', '202107', 'KM', 514),
('b19', '202107', 'NUI', 19),
('b19', '202107', 'REP', 3),
('b19', '202108', 'ETP', 12),
('b19', '202108', 'KM', 617),
('b19', '202108', 'NUI', 8),
('b19', '202108', 'REP', 16),
('b25', '202101', 'ETP', 5),
('b25', '202101', 'KM', 525),
('b25', '202101', 'NUI', 5),
('b25', '202101', 'REP', 16),
('b25', '202102', 'ETP', 4),
('b25', '202102', 'KM', 421),
('b25', '202102', 'NUI', 10),
('b25', '202102', 'REP', 10),
('b25', '202103', 'ETP', 9),
('b25', '202103', 'KM', 449),
('b25', '202103', 'NUI', 12),
('b25', '202103', 'REP', 18),
('b25', '202104', 'ETP', 15),
('b25', '202104', 'KM', 952),
('b25', '202104', 'NUI', 20),
('b25', '202104', 'REP', 14),
('b25', '202105', 'ETP', 4),
('b25', '202105', 'KM', 939),
('b25', '202105', 'NUI', 18),
('b25', '202105', 'REP', 7),
('b25', '202106', 'ETP', 12),
('b25', '202106', 'KM', 598),
('b25', '202106', 'NUI', 17),
('b25', '202106', 'REP', 12),
('b25', '202107', 'ETP', 20),
('b25', '202107', 'KM', 385),
('b25', '202107', 'NUI', 5),
('b25', '202107', 'REP', 8),
('b25', '202108', 'ETP', 18),
('b25', '202108', 'KM', 329),
('b25', '202108', 'NUI', 13),
('b25', '202108', 'REP', 10),
('b28', '202101', 'ETP', 8),
('b28', '202101', 'KM', 530),
('b28', '202101', 'NUI', 7),
('b28', '202101', 'REP', 2),
('b28', '202102', 'ETP', 2),
('b28', '202102', 'KM', 636),
('b28', '202102', 'NUI', 17),
('b28', '202102', 'REP', 20),
('b28', '202103', 'ETP', 17),
('b28', '202103', 'KM', 953),
('b28', '202103', 'NUI', 14),
('b28', '202103', 'REP', 11),
('b28', '202104', 'ETP', 10),
('b28', '202104', 'KM', 480),
('b28', '202104', 'NUI', 14),
('b28', '202104', 'REP', 2),
('b28', '202105', 'ETP', 9),
('b28', '202105', 'KM', 694),
('b28', '202105', 'NUI', 14),
('b28', '202105', 'REP', 16),
('b28', '202106', 'ETP', 4),
('b28', '202106', 'KM', 911),
('b28', '202106', 'NUI', 6),
('b28', '202106', 'REP', 13),
('b28', '202107', 'ETP', 2),
('b28', '202107', 'KM', 720),
('b28', '202107', 'NUI', 16),
('b28', '202107', 'REP', 6),
('b28', '202108', 'ETP', 9),
('b28', '202108', 'KM', 566),
('b28', '202108', 'NUI', 5),
('b28', '202108', 'REP', 6),
('b34', '202101', 'ETP', 7),
('b34', '202101', 'KM', 945),
('b34', '202101', 'NUI', 20),
('b34', '202101', 'REP', 3),
('b34', '202102', 'ETP', 16),
('b34', '202102', 'KM', 754),
('b34', '202102', 'NUI', 17),
('b34', '202102', 'REP', 8),
('b34', '202103', 'ETP', 15),
('b34', '202103', 'KM', 538),
('b34', '202103', 'NUI', 4),
('b34', '202103', 'REP', 6),
('b34', '202104', 'ETP', 16),
('b34', '202104', 'KM', 825),
('b34', '202104', 'NUI', 16),
('b34', '202104', 'REP', 19),
('b34', '202105', 'ETP', 3),
('b34', '202105', 'KM', 946),
('b34', '202105', 'NUI', 18),
('b34', '202105', 'REP', 15),
('b34', '202106', 'ETP', 19),
('b34', '202106', 'KM', 893),
('b34', '202106', 'NUI', 9),
('b34', '202106', 'REP', 7),
('b34', '202107', 'ETP', 2),
('b34', '202107', 'KM', 790),
('b34', '202107', 'NUI', 7),
('b34', '202107', 'REP', 8),
('b34', '202108', 'ETP', 18),
('b34', '202108', 'KM', 941),
('b34', '202108', 'NUI', 11),
('b34', '202108', 'REP', 11),
('b4', '202101', 'ETP', 18),
('b4', '202101', 'KM', 325),
('b4', '202101', 'NUI', 4),
('b4', '202101', 'REP', 6),
('b4', '202102', 'ETP', 17),
('b4', '202102', 'KM', 553),
('b4', '202102', 'NUI', 12),
('b4', '202102', 'REP', 14),
('b4', '202103', 'ETP', 17),
('b4', '202103', 'KM', 867),
('b4', '202103', 'NUI', 3),
('b4', '202103', 'REP', 12),
('b4', '202104', 'ETP', 10),
('b4', '202104', 'KM', 901),
('b4', '202104', 'NUI', 3),
('b4', '202104', 'REP', 15),
('b4', '202105', 'ETP', 4),
('b4', '202105', 'KM', 948),
('b4', '202105', 'NUI', 20),
('b4', '202105', 'REP', 3),
('b4', '202106', 'ETP', 6),
('b4', '202106', 'KM', 685),
('b4', '202106', 'NUI', 17),
('b4', '202106', 'REP', 3),
('b4', '202107', 'ETP', 17),
('b4', '202107', 'KM', 647),
('b4', '202107', 'NUI', 18),
('b4', '202107', 'REP', 11),
('b4', '202108', 'ETP', 20),
('b4', '202108', 'KM', 492),
('b4', '202108', 'NUI', 4),
('b4', '202108', 'REP', 11),
('b50', '202101', 'ETP', 9),
('b50', '202101', 'KM', 444),
('b50', '202101', 'NUI', 3),
('b50', '202101', 'REP', 8),
('b50', '202102', 'ETP', 12),
('b50', '202102', 'KM', 323),
('b50', '202102', 'NUI', 4),
('b50', '202102', 'REP', 3),
('b50', '202103', 'ETP', 13),
('b50', '202103', 'KM', 802),
('b50', '202103', 'NUI', 10),
('b50', '202103', 'REP', 2),
('b50', '202104', 'ETP', 14),
('b50', '202104', 'KM', 342),
('b50', '202104', 'NUI', 17),
('b50', '202104', 'REP', 11),
('b50', '202105', 'ETP', 4),
('b50', '202105', 'KM', 372),
('b50', '202105', 'NUI', 11),
('b50', '202105', 'REP', 4),
('b50', '202106', 'ETP', 6),
('b50', '202106', 'KM', 572),
('b50', '202106', 'NUI', 16),
('b50', '202106', 'REP', 7),
('b50', '202107', 'ETP', 19),
('b50', '202107', 'KM', 804),
('b50', '202107', 'NUI', 10),
('b50', '202107', 'REP', 17),
('b50', '202108', 'ETP', 16),
('b50', '202108', 'KM', 388),
('b50', '202108', 'NUI', 9),
('b50', '202108', 'REP', 7),
('b59', '202101', 'ETP', 12),
('b59', '202101', 'KM', 308),
('b59', '202101', 'NUI', 9),
('b59', '202101', 'REP', 12),
('b59', '202102', 'ETP', 2),
('b59', '202102', 'KM', 662),
('b59', '202102', 'NUI', 14),
('b59', '202102', 'REP', 7),
('b59', '202103', 'ETP', 19),
('b59', '202103', 'KM', 904),
('b59', '202103', 'NUI', 11),
('b59', '202103', 'REP', 16),
('b59', '202104', 'ETP', 2),
('b59', '202104', 'KM', 949),
('b59', '202104', 'NUI', 12),
('b59', '202104', 'REP', 12),
('b59', '202105', 'ETP', 2),
('b59', '202105', 'KM', 461),
('b59', '202105', 'NUI', 5),
('b59', '202105', 'REP', 10),
('b59', '202106', 'ETP', 10),
('b59', '202106', 'KM', 556),
('b59', '202106', 'NUI', 9),
('b59', '202106', 'REP', 15),
('b59', '202107', 'ETP', 6),
('b59', '202107', 'KM', 976),
('b59', '202107', 'NUI', 8),
('b59', '202107', 'REP', 19),
('b59', '202108', 'ETP', 9),
('b59', '202108', 'KM', 699),
('b59', '202108', 'NUI', 2),
('b59', '202108', 'REP', 15),
('c14', '202101', 'ETP', 20),
('c14', '202101', 'KM', 302),
('c14', '202101', 'NUI', 20),
('c14', '202101', 'REP', 2),
('c14', '202102', 'ETP', 6),
('c14', '202102', 'KM', 349),
('c14', '202102', 'NUI', 5),
('c14', '202102', 'REP', 10),
('c14', '202103', 'ETP', 18),
('c14', '202103', 'KM', 573),
('c14', '202103', 'NUI', 20),
('c14', '202103', 'REP', 19),
('c14', '202104', 'ETP', 17),
('c14', '202104', 'KM', 766),
('c14', '202104', 'NUI', 17),
('c14', '202104', 'REP', 15),
('c14', '202105', 'ETP', 18),
('c14', '202105', 'KM', 431),
('c14', '202105', 'NUI', 17),
('c14', '202105', 'REP', 12),
('c14', '202106', 'ETP', 9),
('c14', '202106', 'KM', 676),
('c14', '202106', 'NUI', 2),
('c14', '202106', 'REP', 18),
('c14', '202107', 'ETP', 11),
('c14', '202107', 'KM', 840),
('c14', '202107', 'NUI', 7),
('c14', '202107', 'REP', 13),
('c14', '202108', 'ETP', 5),
('c14', '202108', 'KM', 513),
('c14', '202108', 'NUI', 2),
('c14', '202108', 'REP', 18),
('c3', '202101', 'ETP', 3),
('c3', '202101', 'KM', 432),
('c3', '202101', 'NUI', 16),
('c3', '202101', 'REP', 17),
('c3', '202102', 'ETP', 3),
('c3', '202102', 'KM', 593),
('c3', '202102', 'NUI', 6),
('c3', '202102', 'REP', 13),
('c3', '202103', 'ETP', 16),
('c3', '202103', 'KM', 873),
('c3', '202103', 'NUI', 8),
('c3', '202103', 'REP', 17),
('c3', '202104', 'ETP', 15),
('c3', '202104', 'KM', 948),
('c3', '202104', 'NUI', 5),
('c3', '202104', 'REP', 10),
('c3', '202105', 'ETP', 4),
('c3', '202105', 'KM', 520),
('c3', '202105', 'NUI', 5),
('c3', '202105', 'REP', 16),
('c3', '202106', 'ETP', 5),
('c3', '202106', 'KM', 937),
('c3', '202106', 'NUI', 13),
('c3', '202106', 'REP', 14),
('c3', '202107', 'ETP', 3),
('c3', '202107', 'KM', 350),
('c3', '202107', 'NUI', 18),
('c3', '202107', 'REP', 2),
('c3', '202108', 'ETP', 14),
('c3', '202108', 'KM', 395),
('c3', '202108', 'NUI', 3),
('c3', '202108', 'REP', 18),
('c54', '202101', 'ETP', 6),
('c54', '202101', 'KM', 719),
('c54', '202101', 'NUI', 10),
('c54', '202101', 'REP', 2),
('c54', '202102', 'ETP', 20),
('c54', '202102', 'KM', 656),
('c54', '202102', 'NUI', 19),
('c54', '202102', 'REP', 15),
('c54', '202103', 'ETP', 3),
('c54', '202103', 'KM', 634),
('c54', '202103', 'NUI', 8),
('c54', '202103', 'REP', 20),
('c54', '202104', 'ETP', 8),
('c54', '202104', 'KM', 322),
('c54', '202104', 'NUI', 18),
('c54', '202104', 'REP', 19),
('c54', '202105', 'ETP', 11),
('c54', '202105', 'KM', 604),
('c54', '202105', 'NUI', 8),
('c54', '202105', 'REP', 7),
('c54', '202106', 'ETP', 19),
('c54', '202106', 'KM', 605),
('c54', '202106', 'NUI', 3),
('c54', '202106', 'REP', 19),
('c54', '202107', 'ETP', 2),
('c54', '202107', 'KM', 533),
('c54', '202107', 'NUI', 14),
('c54', '202107', 'REP', 8),
('c54', '202108', 'ETP', 3),
('c54', '202108', 'KM', 734),
('c54', '202108', 'NUI', 20),
('c54', '202108', 'REP', 19),
('d13', '202101', 'ETP', 17),
('d13', '202101', 'KM', 483),
('d13', '202101', 'NUI', 16),
('d13', '202101', 'REP', 7),
('d13', '202102', 'ETP', 7),
('d13', '202102', 'KM', 940),
('d13', '202102', 'NUI', 9),
('d13', '202102', 'REP', 14),
('d13', '202103', 'ETP', 5),
('d13', '202103', 'KM', 709),
('d13', '202103', 'NUI', 6),
('d13', '202103', 'REP', 4),
('d13', '202104', 'ETP', 16),
('d13', '202104', 'KM', 350),
('d13', '202104', 'NUI', 5),
('d13', '202104', 'REP', 20),
('d13', '202105', 'ETP', 17),
('d13', '202105', 'KM', 900),
('d13', '202105', 'NUI', 14),
('d13', '202105', 'REP', 4),
('d13', '202106', 'ETP', 2),
('d13', '202106', 'KM', 676),
('d13', '202106', 'NUI', 20),
('d13', '202106', 'REP', 14),
('d13', '202107', 'ETP', 16),
('d13', '202107', 'KM', 607),
('d13', '202107', 'NUI', 17),
('d13', '202107', 'REP', 2),
('d13', '202108', 'ETP', 19),
('d13', '202108', 'KM', 855),
('d13', '202108', 'NUI', 16),
('d13', '202108', 'REP', 13),
('d51', '202101', 'ETP', 11),
('d51', '202101', 'KM', 425),
('d51', '202101', 'NUI', 20),
('d51', '202101', 'REP', 15),
('d51', '202102', 'ETP', 19),
('d51', '202102', 'KM', 995),
('d51', '202102', 'NUI', 5),
('d51', '202102', 'REP', 15),
('d51', '202103', 'ETP', 20),
('d51', '202103', 'KM', 723),
('d51', '202103', 'NUI', 18),
('d51', '202103', 'REP', 19),
('d51', '202104', 'ETP', 9),
('d51', '202104', 'KM', 429),
('d51', '202104', 'NUI', 3),
('d51', '202104', 'REP', 8),
('d51', '202105', 'ETP', 18),
('d51', '202105', 'KM', 973),
('d51', '202105', 'NUI', 2),
('d51', '202105', 'REP', 20),
('d51', '202106', 'ETP', 12),
('d51', '202106', 'KM', 991),
('d51', '202106', 'NUI', 6),
('d51', '202106', 'REP', 17),
('d51', '202107', 'ETP', 3),
('d51', '202107', 'KM', 816),
('d51', '202107', 'NUI', 14),
('d51', '202107', 'REP', 8),
('d51', '202108', 'ETP', 3),
('d51', '202108', 'KM', 631),
('d51', '202108', 'NUI', 14),
('d51', '202108', 'REP', 15),
('e22', '202101', 'ETP', 5),
('e22', '202101', 'KM', 749),
('e22', '202101', 'NUI', 8),
('e22', '202101', 'REP', 4),
('e22', '202102', 'ETP', 18),
('e22', '202102', 'KM', 725),
('e22', '202102', 'NUI', 7),
('e22', '202102', 'REP', 8),
('e22', '202103', 'ETP', 7),
('e22', '202103', 'KM', 701),
('e22', '202103', 'NUI', 12),
('e22', '202103', 'REP', 20),
('e22', '202104', 'ETP', 14),
('e22', '202104', 'KM', 427),
('e22', '202104', 'NUI', 17),
('e22', '202104', 'REP', 13),
('e22', '202105', 'ETP', 14),
('e22', '202105', 'KM', 309),
('e22', '202105', 'NUI', 19),
('e22', '202105', 'REP', 3),
('e22', '202106', 'ETP', 19),
('e22', '202106', 'KM', 528),
('e22', '202106', 'NUI', 18),
('e22', '202106', 'REP', 2),
('e22', '202107', 'ETP', 3),
('e22', '202107', 'KM', 720),
('e22', '202107', 'NUI', 14),
('e22', '202107', 'REP', 15),
('e22', '202108', 'ETP', 18),
('e22', '202108', 'KM', 487),
('e22', '202108', 'NUI', 9),
('e22', '202108', 'REP', 2),
('e24', '202101', 'ETP', 2),
('e24', '202101', 'KM', 446),
('e24', '202101', 'NUI', 6),
('e24', '202101', 'REP', 17),
('e24', '202102', 'ETP', 7),
('e24', '202102', 'KM', 904),
('e24', '202102', 'NUI', 18),
('e24', '202102', 'REP', 6),
('e24', '202103', 'ETP', 7),
('e24', '202103', 'KM', 588),
('e24', '202103', 'NUI', 16),
('e24', '202103', 'REP', 13),
('e24', '202104', 'ETP', 9),
('e24', '202104', 'KM', 611),
('e24', '202104', 'NUI', 14),
('e24', '202104', 'REP', 7),
('e24', '202105', 'ETP', 8),
('e24', '202105', 'KM', 670),
('e24', '202105', 'NUI', 9),
('e24', '202105', 'REP', 20),
('e24', '202106', 'ETP', 18),
('e24', '202106', 'KM', 749),
('e24', '202106', 'NUI', 17),
('e24', '202106', 'REP', 9),
('e24', '202107', 'ETP', 20),
('e24', '202107', 'KM', 562),
('e24', '202107', 'NUI', 8),
('e24', '202107', 'REP', 11),
('e24', '202108', 'ETP', 16),
('e24', '202108', 'KM', 471),
('e24', '202108', 'NUI', 19),
('e24', '202108', 'REP', 13),
('e39', '202101', 'ETP', 14),
('e39', '202101', 'KM', 357),
('e39', '202101', 'NUI', 7),
('e39', '202101', 'REP', 16),
('e39', '202102', 'ETP', 11),
('e39', '202102', 'KM', 525),
('e39', '202102', 'NUI', 11),
('e39', '202102', 'REP', 19),
('e39', '202103', 'ETP', 11),
('e39', '202103', 'KM', 970),
('e39', '202103', 'NUI', 19),
('e39', '202103', 'REP', 11),
('e39', '202104', 'ETP', 5),
('e39', '202104', 'KM', 694),
('e39', '202104', 'NUI', 6),
('e39', '202104', 'REP', 6),
('e39', '202105', 'ETP', 7),
('e39', '202105', 'KM', 729),
('e39', '202105', 'NUI', 8),
('e39', '202105', 'REP', 14),
('e39', '202106', 'ETP', 13),
('e39', '202106', 'KM', 427),
('e39', '202106', 'NUI', 11),
('e39', '202106', 'REP', 5),
('e39', '202107', 'ETP', 2),
('e39', '202107', 'KM', 725),
('e39', '202107', 'NUI', 19),
('e39', '202107', 'REP', 9),
('e39', '202108', 'ETP', 17),
('e39', '202108', 'KM', 653),
('e39', '202108', 'NUI', 9),
('e39', '202108', 'REP', 10),
('e49', '202101', 'ETP', 7),
('e49', '202101', 'KM', 799),
('e49', '202101', 'NUI', 19),
('e49', '202101', 'REP', 15),
('e49', '202102', 'ETP', 7),
('e49', '202102', 'KM', 579),
('e49', '202102', 'NUI', 7),
('e49', '202102', 'REP', 7),
('e49', '202103', 'ETP', 11),
('e49', '202103', 'KM', 439),
('e49', '202103', 'NUI', 9),
('e49', '202103', 'REP', 5),
('e49', '202104', 'ETP', 20),
('e49', '202104', 'KM', 464),
('e49', '202104', 'NUI', 14),
('e49', '202104', 'REP', 9),
('e49', '202105', 'ETP', 15),
('e49', '202105', 'KM', 600),
('e49', '202105', 'NUI', 5),
('e49', '202105', 'REP', 4),
('e49', '202106', 'ETP', 11),
('e49', '202106', 'KM', 539),
('e49', '202106', 'NUI', 12),
('e49', '202106', 'REP', 13),
('e49', '202107', 'ETP', 2),
('e49', '202107', 'KM', 656),
('e49', '202107', 'NUI', 12),
('e49', '202107', 'REP', 3),
('e49', '202108', 'ETP', 16),
('e49', '202108', 'KM', 960),
('e49', '202108', 'NUI', 19),
('e49', '202108', 'REP', 3),
('e5', '202101', 'ETP', 14),
('e5', '202101', 'KM', 695),
('e5', '202101', 'NUI', 3),
('e5', '202101', 'REP', 5),
('e5', '202102', 'ETP', 19),
('e5', '202102', 'KM', 412),
('e5', '202102', 'NUI', 12),
('e5', '202102', 'REP', 3),
('e5', '202103', 'ETP', 8),
('e5', '202103', 'KM', 992),
('e5', '202103', 'NUI', 2),
('e5', '202103', 'REP', 16),
('e5', '202104', 'ETP', 6),
('e5', '202104', 'KM', 477),
('e5', '202104', 'NUI', 9),
('e5', '202104', 'REP', 12),
('e5', '202105', 'ETP', 3),
('e5', '202105', 'KM', 488),
('e5', '202105', 'NUI', 7),
('e5', '202105', 'REP', 15),
('e5', '202106', 'ETP', 2),
('e5', '202106', 'KM', 901),
('e5', '202106', 'NUI', 10),
('e5', '202106', 'REP', 3),
('e5', '202107', 'ETP', 11),
('e5', '202107', 'KM', 924),
('e5', '202107', 'NUI', 4),
('e5', '202107', 'REP', 4),
('e5', '202108', 'ETP', 2),
('e5', '202108', 'KM', 467),
('e5', '202108', 'NUI', 3),
('e5', '202108', 'REP', 3),
('e52', '202101', 'ETP', 2),
('e52', '202101', 'KM', 864),
('e52', '202101', 'NUI', 19),
('e52', '202101', 'REP', 6),
('e52', '202102', 'ETP', 9),
('e52', '202102', 'KM', 451),
('e52', '202102', 'NUI', 14),
('e52', '202102', 'REP', 13),
('e52', '202103', 'ETP', 10),
('e52', '202103', 'KM', 913),
('e52', '202103', 'NUI', 2),
('e52', '202103', 'REP', 3),
('e52', '202104', 'ETP', 18),
('e52', '202104', 'KM', 615),
('e52', '202104', 'NUI', 4),
('e52', '202104', 'REP', 15),
('e52', '202105', 'ETP', 18),
('e52', '202105', 'KM', 476),
('e52', '202105', 'NUI', 8),
('e52', '202105', 'REP', 19),
('e52', '202106', 'ETP', 2),
('e52', '202106', 'KM', 874),
('e52', '202106', 'NUI', 4),
('e52', '202106', 'REP', 13),
('e52', '202107', 'ETP', 2),
('e52', '202107', 'KM', 965),
('e52', '202107', 'NUI', 18),
('e52', '202107', 'REP', 4),
('e52', '202108', 'ETP', 6),
('e52', '202108', 'KM', 987),
('e52', '202108', 'NUI', 15),
('e52', '202108', 'REP', 11),
('f21', '202101', 'ETP', 8),
('f21', '202101', 'KM', 609),
('f21', '202101', 'NUI', 7),
('f21', '202101', 'REP', 13),
('f21', '202102', 'ETP', 15),
('f21', '202102', 'KM', 985),
('f21', '202102', 'NUI', 4),
('f21', '202102', 'REP', 19),
('f21', '202103', 'ETP', 7),
('f21', '202103', 'KM', 586),
('f21', '202103', 'NUI', 11),
('f21', '202103', 'REP', 4),
('f21', '202104', 'ETP', 6),
('f21', '202104', 'KM', 497),
('f21', '202104', 'NUI', 18),
('f21', '202104', 'REP', 15),
('f21', '202105', 'ETP', 6),
('f21', '202105', 'KM', 707),
('f21', '202105', 'NUI', 18),
('f21', '202105', 'REP', 16),
('f21', '202106', 'ETP', 15),
('f21', '202106', 'KM', 798),
('f21', '202106', 'NUI', 2),
('f21', '202106', 'REP', 8),
('f21', '202107', 'ETP', 5),
('f21', '202107', 'KM', 389),
('f21', '202107', 'NUI', 5),
('f21', '202107', 'REP', 8),
('f21', '202108', 'ETP', 20),
('f21', '202108', 'KM', 361),
('f21', '202108', 'NUI', 6),
('f21', '202108', 'REP', 5),
('f39', '202101', 'ETP', 10),
('f39', '202101', 'KM', 641),
('f39', '202101', 'NUI', 14),
('f39', '202101', 'REP', 3),
('f39', '202102', 'ETP', 11),
('f39', '202102', 'KM', 784),
('f39', '202102', 'NUI', 20),
('f39', '202102', 'REP', 13),
('f39', '202103', 'ETP', 6),
('f39', '202103', 'KM', 766),
('f39', '202103', 'NUI', 9),
('f39', '202103', 'REP', 4),
('f39', '202104', 'ETP', 4),
('f39', '202104', 'KM', 920),
('f39', '202104', 'NUI', 14),
('f39', '202104', 'REP', 19),
('f39', '202105', 'ETP', 16),
('f39', '202105', 'KM', 908),
('f39', '202105', 'NUI', 15),
('f39', '202105', 'REP', 12),
('f39', '202106', 'ETP', 17),
('f39', '202106', 'KM', 593),
('f39', '202106', 'NUI', 12),
('f39', '202106', 'REP', 19),
('f39', '202107', 'ETP', 14),
('f39', '202107', 'KM', 428),
('f39', '202107', 'NUI', 13),
('f39', '202107', 'REP', 13),
('f39', '202108', 'ETP', 13),
('f39', '202108', 'KM', 569),
('f39', '202108', 'NUI', 17),
('f39', '202108', 'REP', 13),
('f4', '202101', 'ETP', 2),
('f4', '202101', 'KM', 611),
('f4', '202101', 'NUI', 3),
('f4', '202101', 'REP', 4),
('f4', '202102', 'ETP', 17),
('f4', '202102', 'KM', 965),
('f4', '202102', 'NUI', 12),
('f4', '202102', 'REP', 14),
('f4', '202103', 'ETP', 7),
('f4', '202103', 'KM', 635),
('f4', '202103', 'NUI', 11),
('f4', '202103', 'REP', 9),
('f4', '202104', 'ETP', 18),
('f4', '202104', 'KM', 897),
('f4', '202104', 'NUI', 11),
('f4', '202104', 'REP', 16),
('f4', '202105', 'ETP', 9),
('f4', '202105', 'KM', 506),
('f4', '202105', 'NUI', 3),
('f4', '202105', 'REP', 12),
('f4', '202106', 'ETP', 20),
('f4', '202106', 'KM', 465),
('f4', '202106', 'NUI', 12),
('f4', '202106', 'REP', 10),
('f4', '202107', 'ETP', 7),
('f4', '202107', 'KM', 641),
('f4', '202107', 'NUI', 12),
('f4', '202107', 'REP', 9),
('f4', '202108', 'ETP', 8),
('f4', '202108', 'KM', 507),
('f4', '202108', 'NUI', 4),
('f4', '202108', 'REP', 8);

-- --------------------------------------------------------

--
-- Structure de la table `lignefraishorsforfait`
--

CREATE TABLE `lignefraishorsforfait` (
  `id` int(11) NOT NULL,
  `idVisiteur` char(4) COLLATE utf8_unicode_ci NOT NULL,
  `mois` char(6) COLLATE utf8_unicode_ci NOT NULL,
  `libelle` varchar(100) COLLATE utf8_unicode_ci DEFAULT NULL,
  `date` date DEFAULT NULL,
  `montant` decimal(10,2) DEFAULT NULL
) ENGINE=InnoDB DEFAULT CHARSET=utf8 COLLATE=utf8_unicode_ci;

--
-- Déchargement des données de la table `lignefraishorsforfait`
--

INSERT INTO `lignefraishorsforfait` (`id`, `idVisiteur`, `mois`, `libelle`, `date`, `montant`) VALUES
(2, 'a131', '202101', 'achat de matériel de papèterie', '2021-01-12', '21.00'),
(3, 'a131', '202101', 'location salle conférence', '2021-01-18', '337.00'),
(4, 'a131', '202101', 'rémunération intervenant/spécialiste', '2021-01-05', '896.00'),
(5, 'a131', '202101', 'achat de matériel de papèterie', '2021-01-26', '22.00'),
(6, 'a131', '202102', 'location véhicule', '2021-02-19', '34.00'),
(7, 'a131', '202102', 'traiteur, alimentation, boisson', '2021-02-13', '274.00'),
(8, 'a131', '202102', 'achat de matériel de papèterie', '2021-02-23', '47.00'),
(9, 'a131', '202102', 'location équipement vidéo/sonore', '2021-02-21', '414.00'),
(10, 'a131', '202102', 'repas avec praticien', '2021-02-21', '35.00'),
(11, 'a131', '202103', 'achat de matériel de papèterie', '2021-03-26', '26.00'),
(12, 'a131', '202103', 'rémunération intervenant/spécialiste', '2021-03-22', '441.00'),
(13, 'a131', '202103', 'location salle conférence', '2021-03-25', '220.00'),
(14, 'a131', '202103', 'traiteur, alimentation, boisson', '2021-03-22', '95.00'),
(15, 'a131', '202104', 'achat de matériel de papèterie', '2021-04-03', '23.00'),
(16, 'a131', '202104', 'rémunération intervenant/spécialiste', '2021-04-03', '480.00'),
(17, 'a131', '202104', 'repas avec praticien', '2021-04-02', '30.00'),
(18, 'a131', '202104', 'repas avec praticien', '2021-04-11', '46.00'),
(19, 'a131', '202104', 'Voyage SNCF', '2021-04-12', '81.00'),
(20, 'a131', '202104', 'rémunération intervenant/spécialiste', '2021-04-03', '340.00'),
(21, 'a131', '202105', 'frais vestimentaire/représentation', '2021-05-06', '137.00'),
(22, 'a131', '202106', 'frais vestimentaire/représentation', '2021-06-23', '300.00'),
(23, 'a131', '202106', 'location équipement vidéo/sonore', '2021-06-09', '125.00'),
(24, 'a131', '202106', 'taxi', '2021-06-05', '39.00'),
(25, 'a131', '202107', 'Voyage SNCF', '2021-07-06', '50.00'),
(26, 'a131', '202108', 'rémunération intervenant/spécialiste', '2021-08-13', '664.00'),
(27, 'a131', '202108', 'location véhicule', '2021-08-01', '306.00'),
(28, 'a131', '202108', 'frais vestimentaire/représentation', '2021-08-14', '181.00'),
(29, 'a131', '202108', 'location véhicule', '2021-08-17', '360.00'),
(30, 'a17', '202101', 'repas avec praticien', '2021-01-17', '34.00'),
(31, 'a17', '202101', 'achat de matériel de papèterie', '2021-01-06', '12.00'),
(32, 'a17', '202102', 'repas avec praticien', '2021-02-26', '44.00'),
(33, 'a17', '202102', 'repas avec praticien', '2021-02-12', '42.00'),
(34, 'a17', '202102', 'location équipement vidéo/sonore', '2021-02-16', '673.00'),
(35, 'a17', '202103', 'location salle conférence', '2021-03-26', '605.00'),
(36, 'a17', '202104', 'location salle conférence', '2021-04-07', '141.00'),
(37, 'a17', '202104', 'repas avec praticien', '2021-04-23', '32.00'),
(38, 'a17', '202104', 'frais vestimentaire/représentation', '2021-04-22', '330.00'),
(39, 'a17', '202104', 'Voyage SNCF', '2021-04-05', '111.00'),
(40, 'a17', '202105', 'traiteur, alimentation, boisson', '2021-05-08', '239.00'),
(41, 'a17', '202105', 'repas avec praticien', '2021-05-14', '40.00'),
(42, 'a17', '202105', 'location équipement vidéo/sonore', '2021-05-18', '700.00'),
(43, 'a17', '202105', 'taxi', '2021-05-13', '36.00'),
(44, 'a17', '202106', 'location équipement vidéo/sonore', '2021-06-06', '486.00'),
(45, 'a17', '202106', 'achat de matériel de papèterie', '2021-06-03', '40.00'),
(46, 'a17', '202106', 'frais vestimentaire/représentation', '2021-06-08', '246.00'),
(47, 'a17', '202106', 'rémunération intervenant/spécialiste', '2021-06-01', '1180.00'),
(48, 'a17', '202107', 'location véhicule', '2021-07-26', '432.00'),
(49, 'a17', '202107', 'achat de matériel de papèterie', '2021-07-26', '38.00'),
(50, 'a17', '202108', 'taxi', '2021-08-03', '22.00'),
(51, 'a17', '202108', 'location salle conférence', '2021-08-27', '621.00'),
(52, 'a55', '202101', 'location salle conférence', '2021-01-23', '212.00'),
(53, 'a55', '202102', 'traiteur, alimentation, boisson', '2021-02-26', '219.00'),
(54, 'a55', '202103', 'traiteur, alimentation, boisson', '2021-03-03', '217.00'),
(55, 'a55', '202104', 'taxi', '2021-04-16', '37.00'),
(56, 'a55', '202104', 'taxi', '2021-04-21', '80.00'),
(57, 'a55', '202104', 'Voyage SNCF', '2021-04-12', '76.00'),
(58, 'a55', '202105', 'achat de matériel de papèterie', '2021-05-23', '13.00'),
(59, 'a55', '202105', 'repas avec praticien', '2021-05-06', '45.00'),
(60, 'a55', '202106', 'traiteur, alimentation, boisson', '2021-06-02', '338.00'),
(61, 'a55', '202106', 'achat de matériel de papèterie', '2021-06-17', '32.00'),
(62, 'a55', '202106', 'frais vestimentaire/représentation', '2021-06-06', '46.00'),
(63, 'a55', '202106', 'location véhicule', '2021-06-28', '148.00'),
(64, 'a55', '202107', 'location véhicule', '2021-07-18', '62.00'),
(65, 'a55', '202107', 'repas avec praticien', '2021-07-19', '41.00'),
(66, 'a55', '202107', 'taxi', '2021-07-12', '35.00'),
(67, 'a55', '202107', 'rémunération intervenant/spécialiste', '2021-07-21', '1192.00'),
(68, 'a55', '202107', 'location salle conférence', '2021-07-24', '490.00'),
(69, 'a55', '202107', 'Voyage SNCF', '2021-07-06', '65.00'),
(70, 'a55', '202108', 'taxi', '2021-08-24', '61.00'),
(71, 'a55', '202108', 'repas avec praticien', '2021-08-03', '37.00'),
(72, 'a55', '202108', 'location salle conférence', '2021-08-26', '440.00'),
(73, 'a55', '202108', 'traiteur, alimentation, boisson', '2021-08-02', '378.00'),
(74, 'a55', '202108', 'achat de matériel de papèterie', '2021-08-10', '35.00'),
(75, 'a93', '202101', 'location équipement vidéo/sonore', '2021-01-02', '720.00'),
(76, 'a93', '202101', 'achat de matériel de papèterie', '2021-01-04', '24.00'),
(77, 'a93', '202102', 'location équipement vidéo/sonore', '2021-02-06', '411.00'),
(78, 'a93', '202102', 'taxi', '2021-02-08', '37.00'),
(79, 'a93', '202103', 'rémunération intervenant/spécialiste', '2021-03-17', '464.00'),
(80, 'a93', '202104', 'achat de matériel de papèterie', '2021-04-26', '18.00'),
(81, 'a93', '202104', 'Voyage SNCF', '2021-04-05', '63.00'),
(82, 'a93', '202105', 'Voyage SNCF', '2021-05-17', '62.00'),
(83, 'a93', '202106', 'achat de matériel de papèterie', '2021-06-12', '38.00'),
(84, 'a93', '202106', 'location équipement vidéo/sonore', '2021-06-05', '751.00'),
(85, 'a93', '202106', 'traiteur, alimentation, boisson', '2021-06-02', '352.00'),
(86, 'a93', '202107', 'Voyage SNCF', '2021-07-02', '150.00'),
(87, 'a93', '202107', 'location salle conférence', '2021-07-19', '145.00'),
(88, 'a93', '202107', 'rémunération intervenant/spécialiste', '2021-07-19', '865.00'),
(89, 'a93', '202107', 'achat de matériel de papèterie', '2021-07-24', '27.00'),
(90, 'a93', '202108', 'location véhicule', '2021-08-26', '33.00'),
(91, 'a93', '202108', 'frais vestimentaire/représentation', '2021-08-16', '161.00'),
(92, 'a93', '202108', 'location véhicule', '2021-08-22', '336.00'),
(93, 'a93', '202108', 'achat de matériel de papèterie', '2021-08-01', '41.00'),
(94, 'a93', '202108', 'taxi', '2021-08-03', '45.00'),
(95, 'a93', '202108', 'location véhicule', '2021-08-11', '263.00'),
(96, 'b13', '202101', 'frais vestimentaire/représentation', '2021-01-06', '30.00'),
(97, 'b13', '202101', 'location salle conférence', '2021-01-01', '189.00'),
(98, 'b13', '202101', 'repas avec praticien', '2021-01-20', '30.00'),
(99, 'b13', '202101', 'taxi', '2021-01-23', '75.00'),
(100, 'b13', '202101', 'repas avec praticien', '2021-01-17', '33.00'),
(101, 'b13', '202102', 'rémunération intervenant/spécialiste', '2021-02-12', '1141.00'),
(102, 'b13', '202102', 'taxi', '2021-02-06', '37.00'),
(103, 'b13', '202102', 'rémunération intervenant/spécialiste', '2021-02-21', '1159.00'),
(104, 'b13', '202102', 'traiteur, alimentation, boisson', '2021-02-16', '287.00'),
(105, 'b13', '202103', 'location salle conférence', '2021-03-14', '128.00'),
(106, 'b13', '202104', 'rémunération intervenant/spécialiste', '2021-04-22', '449.00'),
(107, 'b13', '202104', 'achat de matériel de papèterie', '2021-04-02', '24.00'),
(108, 'b13', '202104', 'location équipement vidéo/sonore', '2021-04-05', '265.00'),
(109, 'b13', '202104', 'Voyage SNCF', '2021-04-11', '79.00'),
(110, 'b13', '202105', 'location équipement vidéo/sonore', '2021-05-09', '751.00'),
(111, 'b13', '202105', 'location salle conférence', '2021-05-17', '379.00'),
(112, 'b13', '202105', 'traiteur, alimentation, boisson', '2021-05-11', '295.00'),
(113, 'b13', '202105', 'location équipement vidéo/sonore', '2021-05-01', '620.00'),
(114, 'b13', '202106', 'Voyage SNCF', '2021-06-12', '101.00'),
(115, 'b13', '202106', 'location véhicule', '2021-06-10', '185.00'),
(116, 'b13', '202106', 'repas avec praticien', '2021-06-12', '36.00'),
(117, 'b13', '202106', 'rémunération intervenant/spécialiste', '2021-06-09', '666.00'),
(118, 'b13', '202106', 'location équipement vidéo/sonore', '2021-06-19', '559.00'),
(119, 'b13', '202106', 'taxi', '2021-06-08', '42.00'),
(120, 'b13', '202107', 'location véhicule', '2021-07-12', '345.00'),
(121, 'b13', '202107', 'Voyage SNCF', '2021-07-23', '63.00'),
(122, 'b13', '202107', 'Voyage SNCF', '2021-07-26', '140.00'),
(123, 'b13', '202107', 'location véhicule', '2021-07-02', '315.00'),
(124, 'b13', '202107', 'rémunération intervenant/spécialiste', '2021-07-25', '649.00'),
(125, 'b13', '202108', 'achat de matériel de papèterie', '2021-08-08', '27.00'),
(126, 'b13', '202108', 'taxi', '2021-08-13', '38.00'),
(127, 'b13', '202108', 'traiteur, alimentation, boisson', '2021-08-25', '27.00'),
(128, 'b13', '202108', 'taxi', '2021-08-24', '54.00'),
(129, 'b13', '202108', 'achat de matériel de papèterie', '2021-08-06', '39.00'),
(130, 'b13', '202108', 'frais vestimentaire/représentation', '2021-08-12', '408.00'),
(131, 'b16', '202101', 'repas avec praticien', '2021-01-16', '34.00'),
(132, 'b16', '202101', 'achat de matériel de papèterie', '2021-01-03', '14.00'),
(133, 'b16', '202102', 'location équipement vidéo/sonore', '2021-02-05', '715.00'),
(134, 'b16', '202102', 'location équipement vidéo/sonore', '2021-02-21', '278.00'),
(135, 'b16', '202103', 'achat de matériel de papèterie', '2021-03-09', '50.00'),
(136, 'b16', '202103', 'location salle conférence', '2021-03-11', '643.00'),
(137, 'b16', '202103', 'Voyage SNCF', '2021-03-07', '48.00'),
(138, 'b16', '202103', 'location véhicule', '2021-03-25', '211.00'),
(139, 'b16', '202104', 'repas avec praticien', '2021-04-18', '42.00'),
(140, 'b16', '202104', 'rémunération intervenant/spécialiste', '2021-04-07', '1005.00'),
(141, 'b16', '202105', 'achat de matériel de papèterie', '2021-05-08', '40.00'),
(142, 'b16', '202105', 'repas avec praticien', '2021-05-14', '36.00'),
(143, 'b16', '202105', 'rémunération intervenant/spécialiste', '2021-05-14', '696.00'),
(144, 'b16', '202105', 'location équipement vidéo/sonore', '2021-05-10', '547.00'),
(145, 'b16', '202106', 'location équipement vidéo/sonore', '2021-06-05', '500.00'),
(146, 'b16', '202106', 'rémunération intervenant/spécialiste', '2021-06-12', '1071.00'),
(147, 'b16', '202106', 'location équipement vidéo/sonore', '2021-06-22', '724.00'),
(148, 'b16', '202106', 'traiteur, alimentation, boisson', '2021-06-21', '89.00'),
(149, 'b16', '202107', 'location équipement vidéo/sonore', '2021-07-05', '352.00'),
(150, 'b16', '202107', 'traiteur, alimentation, boisson', '2021-07-14', '206.00'),
(151, 'b16', '202107', 'location véhicule', '2021-07-07', '424.00'),
(152, 'b16', '202107', 'rémunération intervenant/spécialiste', '2021-07-14', '827.00'),
(153, 'b16', '202107', 'location salle conférence', '2021-07-24', '185.00'),
(154, 'b16', '202108', 'achat de matériel de papèterie', '2021-08-20', '47.00'),
(155, 'b16', '202108', 'traiteur, alimentation, boisson', '2021-08-18', '321.00'),
(156, 'b16', '202108', 'rémunération intervenant/spécialiste', '2021-08-23', '564.00'),
(157, 'b16', '202108', 'repas avec praticien', '2021-08-01', '32.00'),
(158, 'b16', '202108', 'taxi', '2021-08-06', '75.00'),
(159, 'b16', '202108', 'Voyage SNCF', '2021-08-26', '41.00'),
(160, 'b19', '202101', 'taxi', '2021-01-06', '74.00'),
(161, 'b19', '202101', 'Voyage SNCF', '2021-01-24', '47.00'),
(162, 'b19', '202102', 'repas avec praticien', '2021-02-19', '31.00'),
(163, 'b19', '202102', 'traiteur, alimentation, boisson', '2021-02-09', '155.00'),
(164, 'b19', '202103', 'repas avec praticien', '2021-03-22', '35.00'),
(165, 'b19', '202104', 'location salle conférence', '2021-04-14', '304.00'),
(166, 'b19', '202104', 'location équipement vidéo/sonore', '2021-04-10', '345.00'),
(167, 'b19', '202104', 'location salle conférence', '2021-04-15', '223.00'),
(168, 'b19', '202105', 'taxi', '2021-05-05', '76.00'),
(169, 'b19', '202105', 'repas avec praticien', '2021-05-14', '48.00'),
(170, 'b19', '202106', 'frais vestimentaire/représentation', '2021-06-03', '174.00'),
(171, 'b19', '202106', 'location équipement vidéo/sonore', '2021-06-03', '300.00'),
(172, 'b19', '202106', 'location véhicule', '2021-06-15', '161.00'),
(173, 'b19', '202107', 'location équipement vidéo/sonore', '2021-07-02', '719.00'),
(174, 'b19', '202107', 'location salle conférence', '2021-07-26', '277.00'),
(175, 'b19', '202108', 'Voyage SNCF', '2021-08-10', '125.00'),
(176, 'b19', '202108', 'achat de matériel de papèterie', '2021-08-24', '48.00'),
(177, 'b19', '202108', 'achat de matériel de papèterie', '2021-08-04', '32.00'),
(178, 'b19', '202108', 'traiteur, alimentation, boisson', '2021-08-19', '230.00'),
(179, 'b19', '202108', 'taxi', '2021-08-09', '49.00'),
(180, 'b25', '202101', 'rémunération intervenant/spécialiste', '2021-01-26', '596.00'),
(181, 'b25', '202101', 'traiteur, alimentation, boisson', '2021-01-06', '69.00'),
(182, 'b25', '202101', 'traiteur, alimentation, boisson', '2021-01-26', '168.00'),
(183, 'b25', '202101', 'location véhicule', '2021-01-17', '304.00'),
(184, 'b25', '202101', 'taxi', '2021-01-10', '73.00'),
(185, 'b25', '202101', 'frais vestimentaire/représentation', '2021-01-09', '132.00'),
(186, 'b25', '202102', 'Voyage SNCF', '2021-02-05', '46.00'),
(187, 'b25', '202102', 'achat de matériel de papèterie', '2021-02-01', '23.00'),
(188, 'b25', '202102', 'rémunération intervenant/spécialiste', '2021-02-03', '318.00'),
(189, 'b25', '202102', 'location salle conférence', '2021-02-16', '499.00'),
(190, 'b25', '202102', 'repas avec praticien', '2021-02-15', '32.00'),
(191, 'b25', '202103', 'traiteur, alimentation, boisson', '2021-03-13', '131.00'),
(192, 'b25', '202103', 'frais vestimentaire/représentation', '2021-03-07', '110.00'),
(193, 'b25', '202104', 'repas avec praticien', '2021-04-05', '45.00'),
(194, 'b25', '202104', 'achat de matériel de papèterie', '2021-04-10', '16.00'),
(195, 'b25', '202104', 'location véhicule', '2021-04-13', '149.00'),
(196, 'b25', '202104', 'location véhicule', '2021-04-13', '423.00'),
(197, 'b25', '202104', 'repas avec praticien', '2021-04-04', '34.00'),
(198, 'b25', '202104', 'Voyage SNCF', '2021-04-21', '76.00'),
(199, 'b25', '202105', 'rémunération intervenant/spécialiste', '2021-05-24', '478.00'),
(200, 'b25', '202105', 'achat de matériel de papèterie', '2021-05-16', '19.00'),
(201, 'b25', '202105', 'taxi', '2021-05-23', '29.00'),
(202, 'b25', '202105', 'frais vestimentaire/représentation', '2021-05-05', '220.00'),
(203, 'b25', '202106', 'traiteur, alimentation, boisson', '2021-06-21', '393.00'),
(204, 'b25', '202106', 'location véhicule', '2021-06-11', '273.00'),
(205, 'b25', '202106', 'taxi', '2021-06-27', '54.00'),
(206, 'b25', '202106', 'location équipement vidéo/sonore', '2021-06-25', '450.00'),
(207, 'b25', '202106', 'location véhicule', '2021-06-07', '178.00'),
(208, 'b25', '202107', 'location équipement vidéo/sonore', '2021-07-18', '696.00'),
(209, 'b25', '202107', 'frais vestimentaire/représentation', '2021-07-12', '30.00'),
(210, 'b25', '202107', 'taxi', '2021-07-12', '26.00'),
(211, 'b25', '202107', 'taxi', '2021-07-11', '73.00'),
(212, 'b25', '202107', 'rémunération intervenant/spécialiste', '2021-07-17', '958.00'),
(213, 'b25', '202108', 'location véhicule', '2021-08-23', '104.00'),
(214, 'b25', '202108', 'taxi', '2021-08-24', '71.00'),
(215, 'b25', '202108', 'traiteur, alimentation, boisson', '2021-08-08', '40.00'),
(216, 'b28', '202101', 'achat de matériel de papèterie', '2021-01-14', '35.00'),
(217, 'b28', '202101', 'location équipement vidéo/sonore', '2021-01-17', '796.00'),
(218, 'b28', '202102', 'location salle conférence', '2021-02-21', '446.00'),
(219, 'b28', '202103', 'taxi', '2021-03-12', '30.00'),
(220, 'b28', '202103', 'rémunération intervenant/spécialiste', '2021-03-12', '632.00'),
(221, 'b28', '202103', 'traiteur, alimentation, boisson', '2021-03-09', '232.00'),
(222, 'b28', '202103', 'location salle conférence', '2021-03-27', '162.00'),
(223, 'b28', '202103', 'repas avec praticien', '2021-03-05', '42.00'),
(224, 'b28', '202104', 'Voyage SNCF', '2021-04-02', '105.00'),
(225, 'b28', '202104', 'repas avec praticien', '2021-04-13', '39.00'),
(226, 'b28', '202104', 'rémunération intervenant/spécialiste', '2021-04-15', '561.00'),
(227, 'b28', '202104', 'frais vestimentaire/représentation', '2021-04-06', '55.00'),
(228, 'b28', '202104', 'Voyage SNCF', '2021-04-28', '72.00'),
(229, 'b28', '202105', 'taxi', '2021-05-17', '69.00'),
(230, 'b28', '202105', 'location salle conférence', '2021-05-03', '157.00'),
(231, 'b28', '202105', 'rémunération intervenant/spécialiste', '2021-05-02', '514.00'),
(232, 'b28', '202106', 'Voyage SNCF', '2021-06-12', '77.00'),
(233, 'b28', '202106', 'location salle conférence', '2021-06-22', '388.00'),
(234, 'b28', '202106', 'Voyage SNCF', '2021-06-12', '108.00'),
(235, 'b28', '202106', 'Voyage SNCF', '2021-06-28', '136.00'),
(236, 'b28', '202107', 'frais vestimentaire/représentation', '2021-07-15', '381.00'),
(237, 'b28', '202107', 'repas avec praticien', '2021-07-20', '41.00'),
(238, 'b28', '202107', 'achat de matériel de papèterie', '2021-07-07', '37.00'),
(239, 'b28', '202108', 'taxi', '2021-08-13', '75.00'),
(240, 'b28', '202108', 'taxi', '2021-08-28', '40.00'),
(241, 'b28', '202108', 'achat de matériel de papèterie', '2021-08-11', '24.00'),
(242, 'b34', '202101', 'location équipement vidéo/sonore', '2021-01-25', '149.00'),
(243, 'b34', '202101', 'location équipement vidéo/sonore', '2021-01-22', '528.00'),
(244, 'b34', '202102', 'location salle conférence', '2021-02-14', '581.00'),
(245, 'b34', '202102', 'taxi', '2021-02-04', '61.00'),
(246, 'b34', '202103', 'Voyage SNCF', '2021-03-20', '144.00'),
(247, 'b34', '202103', 'taxi', '2021-03-22', '77.00'),
(248, 'b34', '202103', 'repas avec praticien', '2021-03-24', '37.00'),
(249, 'b34', '202103', 'location équipement vidéo/sonore', '2021-03-05', '343.00'),
(250, 'b34', '202104', 'taxi', '2021-04-04', '43.00'),
(251, 'b34', '202104', 'taxi', '2021-04-28', '39.00'),
(252, 'b34', '202105', 'repas avec praticien', '2021-05-28', '38.00'),
(253, 'b34', '202105', 'taxi', '2021-05-19', '58.00'),
(254, 'b34', '202106', 'location véhicule', '2021-06-08', '27.00'),
(255, 'b34', '202107', 'location véhicule', '2021-07-27', '35.00'),
(256, 'b34', '202107', 'location équipement vidéo/sonore', '2021-07-26', '830.00'),
(257, 'b34', '202108', 'Voyage SNCF', '2021-08-17', '77.00'),
(258, 'b34', '202108', 'taxi', '2021-08-21', '61.00'),
(259, 'b34', '202108', 'traiteur, alimentation, boisson', '2021-08-13', '58.00'),
(260, 'b34', '202108', 'Voyage SNCF', '2021-08-28', '122.00'),
(261, 'b34', '202108', 'taxi', '2021-08-14', '60.00'),
(262, 'b4', '202101', 'rémunération intervenant/spécialiste', '2021-01-26', '387.00'),
(263, 'b4', '202101', 'rémunération intervenant/spécialiste', '2021-01-24', '933.00'),
(264, 'b4', '202101', 'taxi', '2021-01-15', '27.00'),
(265, 'b4', '202103', 'traiteur, alimentation, boisson', '2021-03-09', '249.00'),
(266, 'b4', '202103', 'taxi', '2021-03-23', '28.00'),
(267, 'b4', '202103', 'Voyage SNCF', '2021-03-14', '74.00'),
(268, 'b4', '202103', 'rémunération intervenant/spécialiste', '2021-03-28', '1112.00'),
(269, 'b4', '202104', 'location salle conférence', '2021-04-13', '585.00'),
(270, 'b4', '202105', 'achat de matériel de papèterie', '2021-05-07', '32.00'),
(271, 'b4', '202105', 'repas avec praticien', '2021-05-25', '30.00'),
(272, 'b4', '202106', 'achat de matériel de papèterie', '2021-06-23', '27.00'),
(273, 'b4', '202106', 'rémunération intervenant/spécialiste', '2021-06-22', '522.00'),
(274, 'b4', '202107', 'frais vestimentaire/représentation', '2021-07-04', '150.00'),
(275, 'b4', '202108', 'repas avec praticien', '2021-08-12', '43.00'),
(276, 'b50', '202101', 'Voyage SNCF', '2021-01-16', '41.00'),
(277, 'b50', '202101', 'taxi', '2021-01-13', '57.00'),
(278, 'b50', '202101', 'repas avec praticien', '2021-01-24', '31.00'),
(279, 'b50', '202101', 'taxi', '2021-01-13', '50.00'),
(280, 'b50', '202101', 'location salle conférence', '2021-01-10', '501.00'),
(281, 'b50', '202101', 'traiteur, alimentation, boisson', '2021-01-23', '59.00'),
(282, 'b50', '202102', 'location véhicule', '2021-02-25', '295.00'),
(283, 'b50', '202102', 'rémunération intervenant/spécialiste', '2021-02-02', '1172.00'),
(284, 'b50', '202102', 'rémunération intervenant/spécialiste', '2021-02-04', '325.00'),
(285, 'b50', '202102', 'location véhicule', '2021-02-15', '29.00'),
(286, 'b50', '202102', 'Voyage SNCF', '2021-02-19', '100.00'),
(287, 'b50', '202103', 'rémunération intervenant/spécialiste', '2021-03-20', '989.00'),
(288, 'b50', '202103', 'location salle conférence', '2021-03-02', '211.00'),
(289, 'b50', '202103', 'achat de matériel de papèterie', '2021-03-06', '15.00'),
(290, 'b50', '202103', 'achat de matériel de papèterie', '2021-03-03', '14.00'),
(291, 'b50', '202103', 'location véhicule', '2021-03-11', '412.00'),
(292, 'b50', '202103', 'Voyage SNCF', '2021-03-05', '139.00'),
(293, 'b50', '202104', 'location équipement vidéo/sonore', '2021-04-15', '635.00'),
(294, 'b50', '202105', 'location salle conférence', '2021-05-14', '612.00'),
(295, 'b50', '202105', 'location équipement vidéo/sonore', '2021-05-20', '387.00'),
(296, 'b50', '202105', 'achat de matériel de papèterie', '2021-05-23', '45.00'),
(297, 'b50', '202105', 'frais vestimentaire/représentation', '2021-05-22', '97.00'),
(298, 'b50', '202105', 'rémunération intervenant/spécialiste', '2021-05-22', '388.00'),
(299, 'b50', '202106', 'taxi', '2021-06-27', '32.00'),
(300, 'b50', '202106', 'rémunération intervenant/spécialiste', '2021-06-14', '1036.00'),
(301, 'b50', '202106', 'achat de matériel de papèterie', '2021-06-07', '24.00'),
(302, 'b50', '202107', 'location salle conférence', '2021-07-10', '590.00'),
(303, 'b50', '202107', 'rémunération intervenant/spécialiste', '2021-07-26', '1159.00'),
(304, 'b50', '202107', 'location équipement vidéo/sonore', '2021-07-20', '217.00'),
(305, 'b50', '202107', 'taxi', '2021-07-15', '28.00'),
(306, 'b50', '202108', 'location équipement vidéo/sonore', '2021-08-18', '178.00'),
(307, 'b50', '202108', 'frais vestimentaire/représentation', '2021-08-14', '119.00'),
(308, 'b50', '202108', 'repas avec praticien', '2021-08-18', '32.00'),
(309, 'b50', '202108', 'frais vestimentaire/représentation', '2021-08-09', '187.00'),
(310, 'b59', '202101', 'traiteur, alimentation, boisson', '2021-01-13', '441.00'),
(311, 'b59', '202101', 'location véhicule', '2021-01-02', '180.00'),
(312, 'b59', '202101', 'location salle conférence', '2021-01-24', '562.00'),
(313, 'b59', '202102', 'Voyage SNCF', '2021-02-04', '118.00'),
(314, 'b59', '202103', 'frais vestimentaire/représentation', '2021-03-12', '294.00'),
(315, 'b59', '202103', 'location équipement vidéo/sonore', '2021-03-17', '617.00'),
(316, 'b59', '202103', 'taxi', '2021-03-15', '31.00'),
(317, 'b59', '202103', 'location équipement vidéo/sonore', '2021-03-25', '287.00'),
(318, 'b59', '202103', 'repas avec praticien', '2021-03-25', '36.00'),
(319, 'b59', '202104', 'frais vestimentaire/représentation', '2021-04-24', '140.00'),
(320, 'b59', '202105', 'repas avec praticien', '2021-05-13', '31.00'),
(321, 'b59', '202105', 'location équipement vidéo/sonore', '2021-05-12', '275.00'),
(322, 'b59', '202105', 'taxi', '2021-05-11', '74.00'),
(323, 'b59', '202105', 'traiteur, alimentation, boisson', '2021-05-02', '301.00'),
(324, 'b59', '202106', 'taxi', '2021-06-04', '53.00'),
(325, 'b59', '202106', 'repas avec praticien', '2021-06-13', '38.00'),
(326, 'b59', '202106', 'repas avec praticien', '2021-06-08', '34.00'),
(327, 'b59', '202107', 'location salle conférence', '2021-07-03', '462.00'),
(328, 'b59', '202107', 'Voyage SNCF', '2021-07-21', '72.00'),
(329, 'b59', '202108', 'achat de matériel de papèterie', '2021-08-07', '49.00'),
(330, 'b59', '202108', 'rémunération intervenant/spécialiste', '2021-08-04', '528.00'),
(331, 'b59', '202108', 'traiteur, alimentation, boisson', '2021-08-09', '414.00'),
(332, 'c14', '202101', 'taxi', '2021-01-02', '54.00'),
(333, 'c14', '202102', 'location salle conférence', '2021-02-06', '361.00'),
(334, 'c14', '202102', 'achat de matériel de papèterie', '2021-02-24', '22.00'),
(335, 'c14', '202102', 'location salle conférence', '2021-02-04', '586.00'),
(336, 'c14', '202102', 'repas avec praticien', '2021-02-16', '35.00'),
(337, 'c14', '202103', 'taxi', '2021-03-11', '26.00'),
(338, 'c14', '202103', 'traiteur, alimentation, boisson', '2021-03-23', '66.00'),
(339, 'c14', '202103', 'Voyage SNCF', '2021-03-02', '35.00'),
(340, 'c14', '202103', 'rémunération intervenant/spécialiste', '2021-03-23', '587.00'),
(341, 'c14', '202104', 'location salle conférence', '2021-04-14', '497.00'),
(342, 'c14', '202104', 'achat de matériel de papèterie', '2021-04-28', '40.00'),
(343, 'c14', '202104', 'location équipement vidéo/sonore', '2021-04-01', '154.00'),
(344, 'c14', '202105', 'taxi', '2021-05-09', '26.00'),
(345, 'c14', '202105', 'location équipement vidéo/sonore', '2021-05-18', '124.00'),
(346, 'c14', '202105', 'location équipement vidéo/sonore', '2021-05-07', '651.00'),
(347, 'c14', '202105', 'location équipement vidéo/sonore', '2021-05-20', '163.00'),
(348, 'c14', '202105', 'traiteur, alimentation, boisson', '2021-05-21', '442.00'),
(349, 'c14', '202105', 'location salle conférence', '2021-05-21', '159.00'),
(350, 'c14', '202106', 'achat de matériel de papèterie', '2021-06-19', '13.00'),
(351, 'c14', '202106', 'taxi', '2021-06-14', '60.00'),
(352, 'c14', '202106', 'taxi', '2021-06-06', '71.00'),
(353, 'c14', '202106', 'location salle conférence', '2021-06-19', '521.00'),
(354, 'c14', '202107', 'Voyage SNCF', '2021-07-17', '70.00'),
(355, 'c14', '202107', 'location véhicule', '2021-07-11', '146.00'),
(356, 'c14', '202107', 'location salle conférence', '2021-07-12', '495.00'),
(357, 'c14', '202107', 'frais vestimentaire/représentation', '2021-07-20', '327.00'),
(358, 'c14', '202107', 'repas avec praticien', '2021-07-21', '47.00'),
(359, 'c14', '202107', 'location équipement vidéo/sonore', '2021-07-04', '756.00'),
(360, 'c14', '202108', 'frais vestimentaire/représentation', '2021-08-24', '234.00'),
(361, 'c14', '202108', 'rémunération intervenant/spécialiste', '2021-08-14', '360.00'),
(362, 'c3', '202101', 'frais vestimentaire/représentation', '2021-01-25', '428.00'),
(363, 'c3', '202101', 'frais vestimentaire/représentation', '2021-01-25', '132.00'),
(364, 'c3', '202101', 'achat de matériel de papèterie', '2021-01-11', '41.00'),
(365, 'c3', '202101', 'repas avec praticien', '2021-01-24', '36.00'),
(366, 'c3', '202101', 'location équipement vidéo/sonore', '2021-01-11', '622.00'),
(367, 'c3', '202101', 'location équipement vidéo/sonore', '2021-01-12', '149.00'),
(368, 'c3', '202102', 'traiteur, alimentation, boisson', '2021-02-01', '338.00'),
(369, 'c3', '202102', 'achat de matériel de papèterie', '2021-02-10', '43.00'),
(370, 'c3', '202102', 'frais vestimentaire/représentation', '2021-02-10', '37.00'),
(371, 'c3', '202103', 'achat de matériel de papèterie', '2021-03-25', '30.00'),
(372, 'c3', '202103', 'taxi', '2021-03-16', '53.00'),
(373, 'c3', '202103', 'location salle conférence', '2021-03-16', '624.00'),
(374, 'c3', '202103', 'achat de matériel de papèterie', '2021-03-26', '35.00'),
(375, 'c3', '202104', 'repas avec praticien', '2021-04-17', '34.00'),
(376, 'c3', '202104', 'location salle conférence', '2021-04-08', '471.00'),
(377, 'c3', '202104', 'location équipement vidéo/sonore', '2021-04-28', '835.00'),
(378, 'c3', '202105', 'repas avec praticien', '2021-05-12', '30.00'),
(379, 'c3', '202105', 'location véhicule', '2021-05-14', '37.00'),
(380, 'c3', '202106', 'frais vestimentaire/représentation', '2021-06-23', '173.00'),
(381, 'c3', '202107', 'location équipement vidéo/sonore', '2021-07-03', '109.00'),
(382, 'c3', '202108', 'rémunération intervenant/spécialiste', '2021-08-15', '851.00'),
(383, 'c3', '202108', 'location salle conférence', '2021-08-15', '335.00'),
(384, 'c54', '202101', 'achat de matériel de papèterie', '2021-01-11', '28.00'),
(385, 'c54', '202101', 'achat de matériel de papèterie', '2021-01-16', '25.00'),
(386, 'c54', '202101', 'taxi', '2021-01-18', '46.00'),
(387, 'c54', '202101', 'location salle conférence', '2021-01-06', '448.00'),
(388, 'c54', '202101', 'frais vestimentaire/représentation', '2021-01-09', '140.00'),
(389, 'c54', '202102', 'location équipement vidéo/sonore', '2021-02-12', '155.00'),
(390, 'c54', '202102', 'location véhicule', '2021-02-28', '277.00'),
(391, 'c54', '202103', 'achat de matériel de papèterie', '2021-03-26', '35.00'),
(392, 'c54', '202103', 'Voyage SNCF', '2021-03-23', '86.00'),
(393, 'c54', '202104', 'achat de matériel de papèterie', '2021-04-27', '48.00'),
(394, 'c54', '202104', 'location équipement vidéo/sonore', '2021-04-22', '622.00'),
(395, 'c54', '202104', 'achat de matériel de papèterie', '2021-04-28', '27.00'),
(396, 'c54', '202104', 'Voyage SNCF', '2021-04-11', '61.00'),
(397, 'c54', '202104', 'repas avec praticien', '2021-04-07', '32.00'),
(398, 'c54', '202104', 'frais vestimentaire/représentation', '2021-04-13', '395.00'),
(399, 'c54', '202105', 'location véhicule', '2021-05-06', '384.00'),
(400, 'c54', '202105', 'repas avec praticien', '2021-05-09', '30.00'),
(401, 'c54', '202105', 'repas avec praticien', '2021-05-28', '30.00'),
(402, 'c54', '202105', 'taxi', '2021-05-21', '34.00'),
(403, 'c54', '202105', 'Voyage SNCF', '2021-05-14', '100.00'),
(404, 'c54', '202106', 'achat de matériel de papèterie', '2021-06-11', '50.00'),
(405, 'c54', '202106', 'achat de matériel de papèterie', '2021-06-06', '26.00'),
(406, 'c54', '202106', 'traiteur, alimentation, boisson', '2021-06-25', '86.00'),
(407, 'c54', '202106', 'achat de matériel de papèterie', '2021-06-27', '16.00'),
(408, 'c54', '202106', 'location équipement vidéo/sonore', '2021-06-12', '435.00'),
(409, 'c54', '202107', 'repas avec praticien', '2021-07-06', '33.00'),
(410, 'c54', '202107', 'frais vestimentaire/représentation', '2021-07-12', '285.00'),
(411, 'c54', '202107', 'location véhicule', '2021-07-05', '211.00'),
(412, 'c54', '202107', 'location véhicule', '2021-07-03', '231.00'),
(413, 'c54', '202108', 'rémunération intervenant/spécialiste', '2021-08-17', '320.00'),
(414, 'c54', '202108', 'location équipement vidéo/sonore', '2021-08-24', '288.00'),
(415, 'c54', '202108', 'traiteur, alimentation, boisson', '2021-08-14', '142.00'),
(416, 'c54', '202108', 'location véhicule', '2021-08-16', '117.00'),
(417, 'c54', '202108', 'traiteur, alimentation, boisson', '2021-08-04', '60.00'),
(418, 'd13', '202101', 'location équipement vidéo/sonore', '2021-01-11', '170.00'),
(419, 'd13', '202101', 'location salle conférence', '2021-01-28', '584.00'),
(420, 'd13', '202101', 'location équipement vidéo/sonore', '2021-01-14', '163.00'),
(421, 'd13', '202101', 'taxi', '2021-01-21', '55.00'),
(422, 'd13', '202101', 'frais vestimentaire/représentation', '2021-01-05', '188.00'),
(423, 'd13', '202101', 'achat de matériel de papèterie', '2021-01-01', '13.00'),
(424, 'd13', '202102', 'repas avec praticien', '2021-02-18', '49.00'),
(425, 'd13', '202102', 'location équipement vidéo/sonore', '2021-02-18', '192.00'),
(426, 'd13', '202102', 'frais vestimentaire/représentation', '2021-02-21', '74.00'),
(427, 'd13', '202103', 'achat de matériel de papèterie', '2021-03-11', '18.00'),
(428, 'd13', '202103', 'achat de matériel de papèterie', '2021-03-09', '24.00'),
(429, 'd13', '202103', 'location salle conférence', '2021-03-03', '600.00'),
(430, 'd13', '202103', 'frais vestimentaire/représentation', '2021-03-13', '406.00'),
(431, 'd13', '202103', 'location salle conférence', '2021-03-15', '591.00'),
(432, 'd13', '202104', 'taxi', '2021-04-11', '25.00'),
(433, 'd13', '202104', 'achat de matériel de papèterie', '2021-04-11', '50.00'),
(434, 'd13', '202104', 'location véhicule', '2021-04-23', '29.00'),
(435, 'd13', '202104', 'location salle conférence', '2021-04-18', '170.00'),
(436, 'd13', '202104', 'frais vestimentaire/représentation', '2021-04-12', '262.00'),
(437, 'd13', '202105', 'location salle conférence', '2021-05-19', '241.00'),
(438, 'd13', '202105', 'repas avec praticien', '2021-05-13', '32.00'),
(439, 'd13', '202105', 'Voyage SNCF', '2021-05-23', '123.00'),
(440, 'd13', '202105', 'achat de matériel de papèterie', '2021-05-01', '23.00'),
(441, 'd13', '202106', 'repas avec praticien', '2021-06-01', '43.00'),
(442, 'd13', '202106', 'rémunération intervenant/spécialiste', '2021-06-27', '562.00'),
(443, 'd13', '202106', 'location équipement vidéo/sonore', '2021-06-20', '473.00'),
(444, 'd13', '202106', 'location équipement vidéo/sonore', '2021-06-06', '835.00'),
(445, 'd13', '202107', 'rémunération intervenant/spécialiste', '2021-07-03', '738.00'),
(446, 'd13', '202107', 'rémunération intervenant/spécialiste', '2021-07-25', '824.00'),
(447, 'd13', '202107', 'Voyage SNCF', '2021-07-21', '121.00'),
(448, 'd13', '202107', 'frais vestimentaire/représentation', '2021-07-06', '95.00'),
(449, 'd13', '202107', 'frais vestimentaire/représentation', '2021-07-04', '406.00'),
(450, 'd13', '202107', 'achat de matériel de papèterie', '2021-07-15', '28.00'),
(451, 'd13', '202108', 'taxi', '2021-08-19', '71.00'),
(452, 'd13', '202108', 'frais vestimentaire/représentation', '2021-08-09', '310.00'),
(453, 'd13', '202108', 'location salle conférence', '2021-08-02', '271.00'),
(454, 'd13', '202108', 'rémunération intervenant/spécialiste', '2021-08-07', '606.00'),
(455, 'd13', '202108', 'location véhicule', '2021-08-23', '90.00'),
(456, 'd51', '202101', 'traiteur, alimentation, boisson', '2021-01-11', '417.00'),
(457, 'd51', '202101', 'rémunération intervenant/spécialiste', '2021-01-06', '1132.00'),
(458, 'd51', '202102', 'traiteur, alimentation, boisson', '2021-02-03', '350.00'),
(459, 'd51', '202102', 'Voyage SNCF', '2021-02-08', '107.00'),
(460, 'd51', '202102', 'achat de matériel de papèterie', '2021-02-12', '28.00'),
(461, 'd51', '202103', 'location salle conférence', '2021-03-15', '462.00'),
(462, 'd51', '202103', 'location équipement vidéo/sonore', '2021-03-07', '661.00'),
(463, 'd51', '202103', 'location véhicule', '2021-03-14', '169.00'),
(464, 'd51', '202104', 'location véhicule', '2021-04-26', '166.00'),
(465, 'd51', '202104', 'repas avec praticien', '2021-04-08', '42.00'),
(466, 'd51', '202105', 'rémunération intervenant/spécialiste', '2021-05-13', '338.00'),
(467, 'd51', '202105', 'location équipement vidéo/sonore', '2021-05-28', '119.00'),
(468, 'd51', '202105', 'location équipement vidéo/sonore', '2021-05-24', '708.00'),
(469, 'd51', '202105', 'traiteur, alimentation, boisson', '2021-05-09', '44.00'),
(470, 'd51', '202106', 'location équipement vidéo/sonore', '2021-06-25', '397.00'),
(471, 'd51', '202106', 'traiteur, alimentation, boisson', '2021-06-06', '40.00'),
(472, 'd51', '202106', 'location véhicule', '2021-06-26', '177.00'),
(473, 'd51', '202107', 'location véhicule', '2021-07-02', '443.00'),
(474, 'd51', '202107', 'achat de matériel de papèterie', '2021-07-18', '48.00'),
(475, 'd51', '202108', 'achat de matériel de papèterie', '2021-08-14', '17.00'),
(476, 'd51', '202108', 'achat de matériel de papèterie', '2021-08-27', '16.00'),
(477, 'd51', '202108', 'location salle conférence', '2021-08-25', '356.00'),
(478, 'e22', '202101', 'Voyage SNCF', '2021-01-12', '90.00'),
(479, 'e22', '202101', 'achat de matériel de papèterie', '2021-01-24', '46.00'),
(480, 'e22', '202102', 'frais vestimentaire/représentation', '2021-02-19', '128.00'),
(481, 'e22', '202102', 'location véhicule', '2021-02-22', '226.00'),
(482, 'e22', '202103', 'Voyage SNCF', '2021-03-20', '62.00'),
(483, 'e22', '202103', 'location équipement vidéo/sonore', '2021-03-04', '160.00'),
(484, 'e22', '202103', 'frais vestimentaire/représentation', '2021-03-15', '137.00'),
(485, 'e22', '202104', 'Voyage SNCF', '2021-04-07', '64.00'),
(486, 'e22', '202105', 'achat de matériel de papèterie', '2021-05-19', '35.00'),
(487, 'e22', '202105', 'Voyage SNCF', '2021-05-23', '83.00'),
(488, 'e22', '202106', 'achat de matériel de papèterie', '2021-06-16', '10.00'),
(489, 'e22', '202107', 'achat de matériel de papèterie', '2021-07-11', '10.00'),
(490, 'e22', '202107', 'achat de matériel de papèterie', '2021-07-15', '37.00'),
(491, 'e22', '202107', 'location salle conférence', '2021-07-13', '226.00'),
(492, 'e22', '202107', 'repas avec praticien', '2021-07-02', '40.00'),
(493, 'e22', '202108', 'Voyage SNCF', '2021-08-03', '50.00'),
(494, 'e22', '202108', 'achat de matériel de papèterie', '2021-08-14', '27.00'),
(495, 'e24', '202101', 'location salle conférence', '2021-01-25', '235.00'),
(496, 'e24', '202102', 'location véhicule', '2021-02-23', '434.00'),
(497, 'e24', '202102', 'Voyage SNCF', '2021-02-22', '80.00'),
(498, 'e24', '202102', 'location équipement vidéo/sonore', '2021-02-28', '679.00'),
(499, 'e24', '202103', 'Voyage SNCF', '2021-03-03', '104.00'),
(500, 'e24', '202103', 'frais vestimentaire/représentation', '2021-03-12', '227.00'),
(501, 'e24', '202103', 'repas avec praticien', '2021-03-18', '45.00'),
(502, 'e24', '202103', 'taxi', '2021-03-26', '49.00'),
(503, 'e24', '202103', 'location équipement vidéo/sonore', '2021-03-27', '691.00'),
(504, 'e24', '202104', 'achat de matériel de papèterie', '2021-04-12', '14.00'),
(505, 'e24', '202104', 'Voyage SNCF', '2021-04-25', '136.00'),
(506, 'e24', '202105', 'location salle conférence', '2021-05-25', '384.00'),
(507, 'e24', '202105', 'repas avec praticien', '2021-05-01', '45.00'),
(508, 'e24', '202105', 'repas avec praticien', '2021-05-28', '49.00'),
(509, 'e24', '202106', 'repas avec praticien', '2021-06-08', '35.00'),
(510, 'e24', '202106', 'Voyage SNCF', '2021-06-25', '112.00'),
(511, 'e24', '202106', 'frais vestimentaire/représentation', '2021-06-06', '40.00'),
(512, 'e24', '202106', 'taxi', '2021-06-02', '29.00'),
(513, 'e24', '202106', 'achat de matériel de papèterie', '2021-06-06', '42.00'),
(514, 'e24', '202106', 'location équipement vidéo/sonore', '2021-06-08', '839.00'),
(515, 'e24', '202107', 'location salle conférence', '2021-07-10', '476.00'),
(516, 'e24', '202107', 'taxi', '2021-07-02', '60.00'),
(517, 'e24', '202107', 'repas avec praticien', '2021-07-22', '49.00'),
(518, 'e24', '202107', 'frais vestimentaire/représentation', '2021-07-28', '285.00'),
(519, 'e24', '202107', 'traiteur, alimentation, boisson', '2021-07-06', '26.00'),
(520, 'e24', '202107', 'taxi', '2021-07-16', '39.00'),
(521, 'e24', '202108', 'taxi', '2021-08-03', '45.00'),
(522, 'e24', '202108', 'location équipement vidéo/sonore', '2021-08-15', '410.00'),
(523, 'e39', '202101', 'location véhicule', '2021-01-24', '111.00'),
(524, 'e39', '202101', 'Voyage SNCF', '2021-01-15', '99.00'),
(525, 'e39', '202101', 'taxi', '2021-01-23', '62.00'),
(526, 'e39', '202102', 'repas avec praticien', '2021-02-01', '45.00'),
(527, 'e39', '202102', 'rémunération intervenant/spécialiste', '2021-02-27', '617.00'),
(528, 'e39', '202102', 'rémunération intervenant/spécialiste', '2021-02-01', '1051.00'),
(529, 'e39', '202102', 'repas avec praticien', '2021-02-17', '32.00'),
(530, 'e39', '202103', 'rémunération intervenant/spécialiste', '2021-03-02', '956.00'),
(531, 'e39', '202103', 'taxi', '2021-03-23', '57.00'),
(532, 'e39', '202103', 'Voyage SNCF', '2021-03-26', '143.00'),
(533, 'e39', '202103', 'Voyage SNCF', '2021-03-18', '107.00'),
(534, 'e39', '202104', 'repas avec praticien', '2021-04-08', '44.00'),
(535, 'e39', '202105', 'Voyage SNCF', '2021-05-26', '60.00'),
(536, 'e39', '202105', 'taxi', '2021-05-06', '29.00'),
(537, 'e39', '202105', 'repas avec praticien', '2021-05-02', '35.00'),
(538, 'e39', '202105', 'taxi', '2021-05-02', '50.00'),
(539, 'e39', '202106', 'repas avec praticien', '2021-06-12', '41.00'),
(540, 'e39', '202106', 'location salle conférence', '2021-06-19', '545.00'),
(541, 'e39', '202106', 'Voyage SNCF', '2021-06-12', '39.00'),
(542, 'e39', '202107', 'location véhicule', '2021-07-01', '352.00'),
(543, 'e39', '202107', 'traiteur, alimentation, boisson', '2021-07-23', '380.00'),
(544, 'e39', '202107', 'achat de matériel de papèterie', '2021-07-14', '11.00'),
(545, 'e39', '202107', 'achat de matériel de papèterie', '2021-07-27', '13.00'),
(546, 'e39', '202107', 'repas avec praticien', '2021-07-22', '31.00'),
(547, 'e39', '202107', 'achat de matériel de papèterie', '2021-07-23', '15.00'),
(548, 'e39', '202108', 'traiteur, alimentation, boisson', '2021-08-04', '337.00'),
(549, 'e39', '202108', 'traiteur, alimentation, boisson', '2021-08-13', '87.00'),
(550, 'e49', '202101', 'repas avec praticien', '2021-01-15', '48.00'),
(551, 'e49', '202101', 'taxi', '2021-01-26', '49.00'),
(552, 'e49', '202102', 'Voyage SNCF', '2021-02-28', '139.00'),
(553, 'e49', '202103', 'taxi', '2021-03-14', '60.00'),
(554, 'e49', '202103', 'achat de matériel de papèterie', '2021-03-03', '43.00'),
(555, 'e49', '202103', 'repas avec praticien', '2021-03-13', '45.00'),
(556, 'e49', '202104', 'frais vestimentaire/représentation', '2021-04-25', '28.00'),
(557, 'e49', '202104', 'location équipement vidéo/sonore', '2021-04-14', '703.00'),
(558, 'e49', '202105', 'achat de matériel de papèterie', '2021-05-09', '37.00'),
(559, 'e49', '202105', 'location véhicule', '2021-05-25', '412.00'),
(560, 'e49', '202106', 'rémunération intervenant/spécialiste', '2021-06-10', '725.00'),
(561, 'e49', '202106', 'traiteur, alimentation, boisson', '2021-06-04', '82.00'),
(562, 'e49', '202106', 'location véhicule', '2021-06-08', '63.00'),
(563, 'e49', '202106', 'taxi', '2021-06-14', '49.00'),
(564, 'e49', '202107', 'location salle conférence', '2021-07-05', '602.00'),
(565, 'e49', '202107', 'frais vestimentaire/représentation', '2021-07-04', '244.00'),
(566, 'e49', '202108', 'repas avec praticien', '2021-08-20', '50.00'),
(567, 'e49', '202108', 'achat de matériel de papèterie', '2021-08-04', '20.00'),
(568, 'e49', '202108', 'frais vestimentaire/représentation', '2021-08-05', '161.00'),
(569, 'e49', '202108', 'Voyage SNCF', '2021-08-28', '107.00'),
(570, 'e49', '202108', 'location salle conférence', '2021-08-11', '214.00'),
(571, 'e49', '202108', 'traiteur, alimentation, boisson', '2021-08-18', '395.00'),
(572, 'e5', '202101', 'location salle conférence', '2021-01-19', '613.00'),
(573, 'e5', '202102', 'taxi', '2021-02-21', '77.00'),
(574, 'e5', '202102', 'Voyage SNCF', '2021-02-05', '97.00'),
(575, 'e5', '202103', 'traiteur, alimentation, boisson', '2021-03-24', '404.00'),
(576, 'e5', '202103', 'location véhicule', '2021-03-24', '373.00'),
(577, 'e5', '202103', 'traiteur, alimentation, boisson', '2021-03-02', '78.00'),
(578, 'e5', '202104', 'location équipement vidéo/sonore', '2021-04-15', '686.00'),
(579, 'e5', '202104', 'frais vestimentaire/représentation', '2021-04-01', '323.00'),
(580, 'e5', '202105', 'rémunération intervenant/spécialiste', '2021-05-05', '804.00'),
(581, 'e5', '202106', 'location équipement vidéo/sonore', '2021-06-10', '407.00'),
(582, 'e5', '202106', 'location équipement vidéo/sonore', '2021-06-27', '156.00'),
(583, 'e5', '202106', 'taxi', '2021-06-27', '48.00'),
(584, 'e5', '202106', 'repas avec praticien', '2021-06-12', '43.00'),
(585, 'e5', '202107', 'location équipement vidéo/sonore', '2021-07-21', '114.00'),
(586, 'e5', '202107', 'taxi', '2021-07-04', '37.00'),
(587, 'e5', '202107', 'repas avec praticien', '2021-07-21', '48.00'),
(588, 'e5', '202107', 'location véhicule', '2021-07-08', '356.00'),
(589, 'e5', '202107', 'frais vestimentaire/représentation', '2021-07-08', '87.00'),
(590, 'e5', '202107', 'location véhicule', '2021-07-05', '295.00'),
(591, 'e5', '202108', 'taxi', '2021-08-24', '39.00'),
(592, 'e5', '202108', 'achat de matériel de papèterie', '2021-08-20', '15.00'),
(593, 'e5', '202108', 'traiteur, alimentation, boisson', '2021-08-11', '344.00'),
(594, 'e52', '202101', 'rémunération intervenant/spécialiste', '2021-01-14', '412.00'),
(595, 'e52', '202102', 'achat de matériel de papèterie', '2021-02-14', '32.00'),
(596, 'e52', '202102', 'location véhicule', '2021-02-20', '315.00'),
(597, 'e52', '202102', 'traiteur, alimentation, boisson', '2021-02-28', '112.00'),
(598, 'e52', '202102', 'repas avec praticien', '2021-02-09', '45.00'),
(599, 'e52', '202103', 'achat de matériel de papèterie', '2021-03-02', '48.00'),
(600, 'e52', '202103', 'Voyage SNCF', '2021-03-22', '71.00'),
(601, 'e52', '202103', 'location salle conférence', '2021-03-11', '223.00'),
(602, 'e52', '202103', 'rémunération intervenant/spécialiste', '2021-03-24', '406.00'),
(603, 'e52', '202104', 'traiteur, alimentation, boisson', '2021-04-23', '364.00'),
(604, 'e52', '202104', 'rémunération intervenant/spécialiste', '2021-04-02', '907.00'),
(605, 'e52', '202104', 'location salle conférence', '2021-04-15', '227.00'),
(606, 'e52', '202104', 'rémunération intervenant/spécialiste', '2021-04-08', '369.00'),
(607, 'e52', '202105', 'traiteur, alimentation, boisson', '2021-05-09', '156.00'),
(608, 'e52', '202105', 'rémunération intervenant/spécialiste', '2021-05-03', '709.00'),
(609, 'e52', '202105', 'traiteur, alimentation, boisson', '2021-05-14', '108.00'),
(610, 'e52', '202105', 'frais vestimentaire/représentation', '2021-05-27', '45.00'),
(611, 'e52', '202106', 'achat de matériel de papèterie', '2021-06-26', '48.00'),
(612, 'e52', '202106', 'traiteur, alimentation, boisson', '2021-06-01', '333.00'),
(613, 'e52', '202106', 'achat de matériel de papèterie', '2021-06-25', '16.00'),
(614, 'e52', '202106', 'achat de matériel de papèterie', '2021-06-23', '15.00'),
(615, 'e52', '202107', 'traiteur, alimentation, boisson', '2021-07-24', '145.00'),
(616, 'e52', '202107', 'frais vestimentaire/représentation', '2021-07-24', '385.00'),
(617, 'e52', '202108', 'location véhicule', '2021-08-24', '107.00'),
(618, 'e52', '202108', 'location équipement vidéo/sonore', '2021-08-24', '181.00'),
(619, 'e52', '202108', 'frais vestimentaire/représentation', '2021-08-22', '292.00'),
(620, 'f21', '202101', 'rémunération intervenant/spécialiste', '2021-01-03', '740.00'),
(621, 'f21', '202101', 'frais vestimentaire/représentation', '2021-01-08', '409.00'),
(622, 'f21', '202101', 'rémunération intervenant/spécialiste', '2021-01-21', '471.00'),
(623, 'f21', '202101', 'achat de matériel de papèterie', '2021-01-23', '32.00'),
(624, 'f21', '202101', 'taxi', '2021-01-19', '38.00'),
(625, 'f21', '202101', 'traiteur, alimentation, boisson', '2021-01-05', '156.00'),
(626, 'f21', '202102', 'taxi', '2021-02-18', '34.00'),
(627, 'f21', '202102', 'location équipement vidéo/sonore', '2021-02-18', '629.00'),
(628, 'f21', '202102', 'rémunération intervenant/spécialiste', '2021-02-10', '358.00'),
(629, 'f21', '202103', 'frais vestimentaire/représentation', '2021-03-24', '416.00'),
(630, 'f21', '202103', 'achat de matériel de papèterie', '2021-03-20', '14.00'),
(631, 'f21', '202103', 'achat de matériel de papèterie', '2021-03-26', '15.00'),
(632, 'f21', '202103', 'repas avec praticien', '2021-03-23', '30.00'),
(633, 'f21', '202103', 'taxi', '2021-03-09', '21.00'),
(634, 'f21', '202103', 'Voyage SNCF', '2021-03-02', '126.00'),
(635, 'f21', '202104', 'repas avec praticien', '2021-04-11', '44.00'),
(636, 'f21', '202104', 'location équipement vidéo/sonore', '2021-04-24', '719.00'),
(637, 'f21', '202104', 'location équipement vidéo/sonore', '2021-04-22', '233.00'),
(638, 'f21', '202105', 'location salle conférence', '2021-05-25', '286.00'),
(639, 'f21', '202105', 'location salle conférence', '2021-05-26', '478.00'),
(640, 'f21', '202106', 'taxi', '2021-06-01', '49.00'),
(641, 'f21', '202107', 'location véhicule', '2021-07-23', '123.00'),
(642, 'f21', '202107', 'Voyage SNCF', '2021-07-13', '129.00'),
(643, 'f21', '202107', 'frais vestimentaire/représentation', '2021-07-25', '37.00'),
(644, 'f21', '202107', 'taxi', '2021-07-15', '36.00'),
(645, 'f21', '202108', 'frais vestimentaire/représentation', '2021-08-06', '390.00'),
(646, 'f21', '202108', 'location équipement vidéo/sonore', '2021-08-20', '183.00'),
(647, 'f21', '202108', 'rémunération intervenant/spécialiste', '2021-08-27', '976.00'),
(648, 'f39', '202101', 'Voyage SNCF', '2021-01-06', '111.00'),
(649, 'f39', '202101', 'repas avec praticien', '2021-01-04', '36.00'),
(650, 'f39', '202101', 'location salle conférence', '2021-01-15', '315.00'),
(651, 'f39', '202101', 'repas avec praticien', '2021-01-07', '46.00'),
(652, 'f39', '202102', 'location salle conférence', '2021-02-15', '142.00'),
(653, 'f39', '202103', 'taxi', '2021-03-19', '72.00'),
(654, 'f39', '202103', 'taxi', '2021-03-15', '38.00'),
(655, 'f39', '202103', 'repas avec praticien', '2021-03-23', '41.00'),
(656, 'f39', '202103', 'frais vestimentaire/représentation', '2021-03-27', '380.00'),
(657, 'f39', '202103', 'location véhicule', '2021-03-13', '136.00'),
(658, 'f39', '202103', 'Voyage SNCF', '2021-03-08', '31.00'),
(659, 'f39', '202104', 'location équipement vidéo/sonore', '2021-04-17', '565.00'),
(660, 'f39', '202104', 'location salle conférence', '2021-04-04', '565.00'),
(661, 'f39', '202105', 'rémunération intervenant/spécialiste', '2021-05-09', '403.00'),
(662, 'f39', '202105', 'repas avec praticien', '2021-05-15', '39.00'),
(663, 'f39', '202106', 'repas avec praticien', '2021-06-09', '48.00'),
(664, 'f39', '202106', 'location véhicule', '2021-06-01', '266.00'),
(665, 'f39', '202106', 'rémunération intervenant/spécialiste', '2021-06-24', '347.00'),
(666, 'f39', '202106', 'traiteur, alimentation, boisson', '2021-06-10', '442.00'),
(667, 'f39', '202106', 'location salle conférence', '2021-06-15', '148.00'),
(668, 'f39', '202107', 'taxi', '2021-07-23', '25.00'),
(669, 'f39', '202107', 'location véhicule', '2021-07-02', '344.00'),
(670, 'f39', '202108', 'location équipement vidéo/sonore', '2021-08-06', '593.00'),
(671, 'f39', '202108', 'achat de matériel de papèterie', '2021-08-07', '28.00'),
(672, 'f39', '202108', 'repas avec praticien', '2021-08-17', '37.00'),
(673, 'f39', '202108', 'location équipement vidéo/sonore', '2021-08-03', '190.00'),
(674, 'f39', '202108', 'traiteur, alimentation, boisson', '2021-08-15', '308.00'),
(675, 'f4', '202101', 'taxi', '2021-01-14', '30.00'),
(676, 'f4', '202101', 'traiteur, alimentation, boisson', '2021-01-15', '375.00'),
(677, 'f4', '202102', 'location salle conférence', '2021-02-10', '552.00'),
(678, 'f4', '202103', 'repas avec praticien', '2021-03-04', '33.00'),
(679, 'f4', '202103', 'achat de matériel de papèterie', '2021-03-16', '10.00'),
(680, 'f4', '202103', 'rémunération intervenant/spécialiste', '2021-03-19', '1083.00'),
(681, 'f4', '202103', 'taxi', '2021-03-04', '28.00'),
(682, 'f4', '202103', 'taxi', '2021-03-09', '38.00'),
(683, 'f4', '202104', 'Voyage SNCF', '2021-04-14', '108.00'),
(684, 'f4', '202104', 'location véhicule', '2021-04-12', '319.00');
INSERT INTO `lignefraishorsforfait` (`id`, `idVisiteur`, `mois`, `libelle`, `date`, `montant`) VALUES
(685, 'f4', '202104', 'Voyage SNCF', '2021-04-21', '112.00'),
(686, 'f4', '202104', 'Voyage SNCF', '2021-04-14', '133.00'),
(687, 'f4', '202104', 'achat de matériel de papèterie', '2021-04-16', '31.00'),
(688, 'f4', '202105', 'repas avec praticien', '2021-05-18', '46.00'),
(689, 'f4', '202105', 'location salle conférence', '2021-05-25', '557.00'),
(690, 'f4', '202105', 'taxi', '2021-05-10', '47.00'),
(691, 'f4', '202106', 'location véhicule', '2021-06-12', '113.00'),
(692, 'f4', '202106', 'traiteur, alimentation, boisson', '2021-06-05', '441.00'),
(693, 'f4', '202106', 'rémunération intervenant/spécialiste', '2021-06-14', '370.00'),
(694, 'f4', '202106', 'location véhicule', '2021-06-28', '389.00'),
(695, 'f4', '202107', 'frais vestimentaire/représentation', '2021-07-27', '126.00'),
(696, 'f4', '202107', 'location salle conférence', '2021-07-18', '536.00'),
(697, 'f4', '202107', 'location salle conférence', '2021-07-17', '362.00'),
(698, 'f4', '202107', 'achat de matériel de papèterie', '2021-07-19', '50.00'),
(699, 'f4', '202107', 'achat de matériel de papèterie', '2021-07-20', '46.00'),
(700, 'f4', '202107', 'achat de matériel de papèterie', '2021-07-22', '12.00'),
(701, 'f4', '202108', 'rémunération intervenant/spécialiste', '2021-08-21', '252.00'),
(702, 'f4', '202108', 'taxi', '2021-08-24', '78.00'),
(703, 'f4', '202108', 'location salle conférence', '2021-08-24', '503.00'),
(704, 'f4', '202108', 'location véhicule', '2021-08-21', '81.00');

-- --------------------------------------------------------

--
-- Structure de la table `visiteur`
--

CREATE TABLE `visiteur` (
  `id` char(4) COLLATE utf8_unicode_ci NOT NULL,
  `nom` char(30) COLLATE utf8_unicode_ci DEFAULT NULL,
  `prenom` char(30) COLLATE utf8_unicode_ci DEFAULT NULL,
  `login` char(20) COLLATE utf8_unicode_ci DEFAULT NULL,
  `mdp` char(20) COLLATE utf8_unicode_ci DEFAULT NULL,
  `adresse` char(30) COLLATE utf8_unicode_ci DEFAULT NULL,
  `cp` char(5) COLLATE utf8_unicode_ci DEFAULT NULL,
  `ville` char(30) COLLATE utf8_unicode_ci DEFAULT NULL,
  `dateEmbauche` date DEFAULT NULL
) ENGINE=InnoDB DEFAULT CHARSET=utf8 COLLATE=utf8_unicode_ci;

--
-- Déchargement des données de la table `visiteur`
--

INSERT INTO `visiteur` (`id`, `nom`, `prenom`, `login`, `mdp`, `adresse`, `cp`, `ville`, `dateEmbauche`) VALUES
('a131', 'Villechalane', 'Louis', 'lvillachane', 'jux7g', '8 rue des Charmes', '46000', 'Cahors', '2005-12-21'),
('a17', 'Andre', 'David', 'dandre', 'oppg5', '1 rue Petit', '46200', 'Lalbenque', '1998-11-23'),
('a55', 'Bedos', 'Christian', 'cbedos', 'gmhxd', '1 rue Peranud', '46250', 'Montcuq', '1995-01-12'),
('a93', 'Tusseau', 'Louis', 'ltusseau', 'ktp3s', '22 rue des Ternes', '46123', 'Gramat', '2000-05-01'),
('b13', 'Bentot', 'Pascal', 'pbentot', 'doyw1', '11 allée des Cerises', '46512', 'Bessines', '1992-07-09'),
('b16', 'Bioret', 'Luc', 'lbioret', 'hrjfs', '1 Avenue gambetta', '46000', 'Cahors', '1998-05-11'),
('b19', 'Bunisset', 'Francis', 'fbunisset', '4vbnd', '10 rue des Perles', '93100', 'Montreuil', '1987-10-21'),
('b25', 'Bunisset', 'Denise', 'dbunisset', 's1y1r', '23 rue Manin', '75019', 'paris', '2010-12-05'),
('b28', 'Cacheux', 'Bernard', 'bcacheux', 'uf7r3', '114 rue Blanche', '75017', 'Paris', '2009-11-12'),
('b34', 'Cadic', 'Eric', 'ecadic', '6u8dc', '123 avenue de la République', '75011', 'Paris', '2008-09-23'),
('b4', 'Charoze', 'Catherine', 'ccharoze', 'u817o', '100 rue Petit', '75019', 'Paris', '2005-11-12'),
('b50', 'Clepkens', 'Christophe', 'cclepkens', 'bw1us', '12 allée des Anges', '93230', 'Romainville', '2003-08-11'),
('b59', 'Cottin', 'Vincenne', 'vcottin', '2hoh9', '36 rue Des Roches', '93100', 'Monteuil', '2001-11-18'),
('c14', 'Daburon', 'François', 'fdaburon', '7oqpv', '13 rue de Chanzy', '94000', 'Créteil', '2002-02-11'),
('c3', 'De', 'Philippe', 'pde', 'gk9kx', '13 rue Barthes', '94000', 'Créteil', '2010-12-14'),
('c54', 'Debelle', 'Michel', 'mdebelle', 'od5rt', '181 avenue Barbusse', '93210', 'Rosny', '2006-11-23'),
('d13', 'Debelle', 'Jeanne', 'jdebelle', 'nvwqq', '134 allée des Joncs', '44000', 'Nantes', '2000-05-11'),
('d51', 'Debroise', 'Michel', 'mdebroise', 'sghkb', '2 Bld Jourdain', '44000', 'Nantes', '2001-04-17'),
('e22', 'Desmarquest', 'Nathalie', 'ndesmarquest', 'f1fob', '14 Place d Arc', '45000', 'Orléans', '2005-11-12'),
('e24', 'Desnost', 'Pierre', 'pdesnost', '4k2o5', '16 avenue des Cèdres', '23200', 'Guéret', '2001-02-05'),
('e39', 'Dudouit', 'Frédéric', 'fdudouit', '44im8', '18 rue de l église', '23120', 'GrandBourg', '2000-08-01'),
('e49', 'Duncombe', 'Claude', 'cduncombe', 'qf77j', '19 rue de la tour', '23100', 'La souteraine', '1987-10-10'),
('e5', 'Enault-Pascreau', 'Céline', 'cenault', 'y2qdu', '25 place de la gare', '23200', 'Gueret', '1995-09-01'),
('e52', 'Eynde', 'Valérie', 'veynde', 'i7sn3', '3 Grand Place', '13015', 'Marseille', '1999-11-01'),
('f21', 'Finck', 'Jacques', 'jfinck', 'mpb3t', '10 avenue du Prado', '13002', 'Marseille', '2001-11-10'),
('f39', 'Frémont', 'Fernande', 'ffremont', 'xs5tq', '4 route de la mer', '13012', 'Allauh', '1998-10-01'),
('f4', 'Gest', 'Alain', 'agest', 'dywvt', '30 avenue de la mer', '13025', 'Berre', '1985-11-01');

--
-- Index pour les tables déchargées
--

--
-- Index pour la table `etat`
--
ALTER TABLE `etat`
  ADD PRIMARY KEY (`id`);

--
-- Index pour la table `fichefrais`
--
ALTER TABLE `fichefrais`
  ADD PRIMARY KEY (`idVisiteur`,`mois`),
  ADD KEY `idEtat` (`idEtat`);

--
-- Index pour la table `fraisforfait`
--
ALTER TABLE `fraisforfait`
  ADD PRIMARY KEY (`id`);

--
-- Index pour la table `lignefraisforfait`
--
ALTER TABLE `lignefraisforfait`
  ADD PRIMARY KEY (`idVisiteur`,`mois`,`idFraisForfait`),
  ADD KEY `idFraisForfait` (`idFraisForfait`);

--
-- Index pour la table `lignefraishorsforfait`
--
ALTER TABLE `lignefraishorsforfait`
  ADD PRIMARY KEY (`id`),
  ADD KEY `idVisiteur` (`idVisiteur`,`mois`);

--
-- Index pour la table `visiteur`
--
ALTER TABLE `visiteur`
  ADD PRIMARY KEY (`id`);

--
-- AUTO_INCREMENT pour les tables déchargées
--

--
-- AUTO_INCREMENT pour la table `lignefraishorsforfait`
--
ALTER TABLE `lignefraishorsforfait`
  MODIFY `id` int(11) NOT NULL AUTO_INCREMENT, AUTO_INCREMENT=705;

--
-- Contraintes pour les tables déchargées
--

--
-- Contraintes pour la table `fichefrais`
--
ALTER TABLE `fichefrais`
  ADD CONSTRAINT `fichefrais_ibfk_1` FOREIGN KEY (`idEtat`) REFERENCES `etat` (`id`),
  ADD CONSTRAINT `fichefrais_ibfk_2` FOREIGN KEY (`idVisiteur`) REFERENCES `visiteur` (`id`);

--
-- Contraintes pour la table `lignefraisforfait`
--
ALTER TABLE `lignefraisforfait`
  ADD CONSTRAINT `lignefraisforfait_ibfk_1` FOREIGN KEY (`idVisiteur`,`mois`) REFERENCES `fichefrais` (`idVisiteur`, `mois`),
  ADD CONSTRAINT `lignefraisforfait_ibfk_2` FOREIGN KEY (`idFraisForfait`) REFERENCES `fraisforfait` (`id`);

--
-- Contraintes pour la table `lignefraishorsforfait`
--
ALTER TABLE `lignefraishorsforfait`
  ADD CONSTRAINT `lignefraishorsforfait_ibfk_1` FOREIGN KEY (`idVisiteur`,`mois`) REFERENCES `fichefrais` (`idVisiteur`, `mois`);
COMMIT;

/*!40101 SET CHARACTER_SET_CLIENT=@OLD_CHARACTER_SET_CLIENT */;
/*!40101 SET CHARACTER_SET_RESULTS=@OLD_CHARACTER_SET_RESULTS */;
/*!40101 SET COLLATION_CONNECTION=@OLD_COLLATION_CONNECTION */;
